iter,steps,episodes,mean_return_A,mean_len,mean_A,mean_B,loss_pg,loss_v,entropy
1,1024,0,nan,nan,nan,nan,-0.0018,0.0456,1.0984
2,2048,1,-1.000,1404.0,4.00,5.00,-0.0013,0.0254,1.0982
3,3072,1,3.000,895.0,5.00,2.00,-0.0019,0.0224,1.0979
4,4096,1,3.000,1219.0,5.00,2.00,-0.0016,0.0177,1.0973
5,5120,1,-2.000,999.0,3.00,5.00,-0.0012,0.0164,1.0971
6,6144,0,nan,nan,nan,nan,-0.0011,0.0152,1.0971
7,7168,1,-1.000,2000.0,3.00,4.00,-0.0012,0.0231,1.0967
8,8192,1,2.000,1512.0,5.00,3.00,-0.0012,0.0258,1.0960
9,9216,1,-3.000,927.0,2.00,5.00,-0.0019,0.0234,1.0964
10,10240,1,2.000,752.0,5.00,3.00,-0.0009,0.0210,1.0949
11,11264,1,-2.000,1477.0,3.00,5.00,-0.0010,0.0195,1.0958
12,12288,0,nan,nan,nan,nan,-0.0014,0.0256,1.0937
13,13312,1,1.000,1316.0,5.00,4.00,-0.0021,0.0260,1.0955
14,14336,1,-2.000,1060.0,3.00,5.00,-0.0016,0.0136,1.0957
15,15360,0,nan,nan,nan,nan,-0.0012,0.0274,1.0958
16,16384,1,0.000,2000.0,3.00,3.00,-0.0017,0.0104,1.0943
17,17408,0,nan,nan,nan,nan,-0.0010,0.0214,1.0926
18,18432,1,0.000,2000.0,3.00,3.00,-0.0010,0.0220,1.0926
19,19456,1,-3.000,1012.0,2.00,5.00,-0.0010,0.0217,1.0928
20,20480,1,-1.000,1430.0,4.00,5.00,-0.0018,0.0138,1.0924
21,21504,0,nan,nan,nan,nan,-0.0017,0.0184,1.0934
22,22528,1,1.000,2000.0,3.00,2.00,-0.0020,0.0214,1.0919
23,23552,1,-3.000,1114.0,2.00,5.00,-0.0013,0.0176,1.0910
24,24576,1,3.000,1214.0,5.00,2.00,-0.0014,0.0209,1.0897
25,25600,1,2.000,963.0,5.00,3.00,-0.0011,0.0158,1.0896
26,26624,1,-1.000,1118.0,4.00,5.00,-0.0009,0.0138,1.0915
27,27648,1,-1.000,1170.0,4.00,5.00,-0.0012,0.0243,1.0890
28,28672,1,-3.000,965.0,2.00,5.00,-0.0017,0.0168,1.0858
29,29696,1,5.000,914.0,5.00,0.00,-0.0014,0.0199,1.0872
30,30720,1,3.000,703.0,5.00,2.00,-0.0013,0.0133,1.0824
31,31744,1,-1.000,718.0,4.00,5.00,-0.0008,0.0229,1.0888
32,32768,1,-2.000,1585.0,3.00,5.00,-0.0017,0.0183,1.0883
33,33792,1,4.000,832.0,5.00,1.00,-0.0022,0.0140,1.0836
34,34816,1,2.000,1020.0,5.00,3.00,-0.0014,0.0232,1.0851
35,35840,1,-1.000,1422.0,4.00,5.00,-0.0011,0.0202,1.0865
36,36864,1,4.000,733.0,5.00,1.00,-0.0020,0.0148,1.0843
37,37888,1,-2.000,987.0,3.00,5.00,-0.0013,0.0219,1.0856
38,38912,1,-2.000,1110.0,3.00,5.00,-0.0019,0.0250,1.0872
39,39936,1,3.000,1337.0,5.00,2.00,-0.0022,0.0210,1.0847
40,40960,0,nan,nan,nan,nan,-0.0013,0.0206,1.0863
41,41984,1,3.000,1135.0,5.00,2.00,-0.0014,0.0182,1.0829
42,43008,1,1.000,1328.0,5.00,4.00,-0.0014,0.0168,1.0841
43,44032,1,-1.000,1125.0,4.00,5.00,-0.0020,0.0180,1.0837
44,45056,1,-3.000,816.0,2.00,5.00,-0.0018,0.0211,1.0887
45,46080,1,5.000,911.0,5.00,0.00,-0.0010,0.0147,1.0869
46,47104,1,1.000,1203.0,5.00,4.00,-0.0018,0.0208,1.0871
47,48128,1,-2.000,1410.0,3.00,5.00,-0.0015,0.0219,1.0881
48,49152,1,3.000,1188.0,5.00,2.00,-0.0012,0.0179,1.0880
49,50176,1,3.000,658.0,5.00,2.00,-0.0022,0.0149,1.0891
50,51200,1,4.000,696.0,5.00,1.00,-0.0013,0.0144,1.0904
51,52224,1,3.000,826.0,5.00,2.00,-0.0016,0.0185,1.0903
52,53248,1,-1.000,1756.0,4.00,5.00,-0.0016,0.0164,1.0863
53,54272,1,3.000,963.0,5.00,2.00,-0.0007,0.0207,1.0854
54,55296,1,1.000,949.0,5.00,4.00,-0.0020,0.0212,1.0865
55,56320,1,5.000,909.0,5.00,0.00,-0.0018,0.0143,1.0865
56,57344,1,1.000,1187.0,5.00,4.00,-0.0009,0.0055,1.0860
57,58368,1,-4.000,813.0,1.00,5.00,-0.0017,0.0104,1.0877
58,59392,0,nan,nan,nan,nan,-0.0030,0.0198,1.0875
59,60416,1,1.000,2000.0,4.00,3.00,-0.0016,0.0219,1.0843
60,61440,0,nan,nan,nan,nan,-0.0015,0.0157,1.0844
61,62464,1,-2.000,1721.0,3.00,5.00,-0.0022,0.0201,1.0827
62,63488,1,3.000,1147.0,5.00,2.00,-0.0015,0.0129,1.0843
63,64512,2,3.000,922.0,5.00,2.00,-0.0023,0.0189,1.0814
64,65536,1,2.000,878.0,5.00,3.00,-0.0013,0.0165,1.0816
65,66560,1,3.000,742.0,5.00,2.00,-0.0020,0.0178,1.0809
66,67584,1,4.000,829.0,5.00,1.00,-0.0016,0.0248,1.0792
67,68608,1,3.000,1221.0,5.00,2.00,-0.0033,0.0198,1.0774
68,69632,1,5.000,843.0,5.00,0.00,-0.0007,0.0184,1.0751
69,70656,1,-1.000,832.0,4.00,5.00,-0.0010,0.0172,1.0737
70,71680,1,3.000,1326.0,5.00,2.00,-0.0018,0.0228,1.0728
71,72704,1,-3.000,951.0,2.00,5.00,-0.0017,0.0250,1.0692
72,73728,1,-2.000,1033.0,3.00,5.00,-0.0012,0.0226,1.0683
73,74752,1,3.000,1184.0,5.00,2.00,-0.0025,0.0214,1.0667
74,75776,1,-3.000,834.0,2.00,5.00,-0.0014,0.0194,1.0708
75,76800,2,3.500,724.5,5.00,1.50,-0.0017,0.0261,1.0710
76,77824,1,3.000,1100.0,5.00,2.00,-0.0025,0.0165,1.0709
77,78848,2,-4.000,505.5,1.00,5.00,-0.0016,0.0220,1.0684
78,79872,1,-1.000,1083.0,4.00,5.00,-0.0028,0.0223,1.0727
79,80896,1,3.000,856.0,5.00,2.00,-0.0036,0.0095,1.0786
80,81920,1,-2.000,927.0,3.00,5.00,-0.0032,0.0155,1.0685
81,82944,1,-2.000,1184.0,3.00,5.00,-0.0012,0.0220,1.0633
82,83968,0,nan,nan,nan,nan,-0.0022,0.0157,1.0587
83,84992,1,-1.000,1478.0,4.00,5.00,-0.0021,0.0206,1.0624
84,86016,2,0.500,754.0,3.50,3.00,-0.0028,0.0130,1.0627
85,87040,1,4.000,796.0,5.00,1.00,-0.0014,0.0140,1.0670
86,88064,0,nan,nan,nan,nan,-0.0025,0.0165,1.0569
87,89088,2,-3.000,1229.5,1.50,4.50,-0.0018,0.0141,1.0502
88,90112,0,nan,nan,nan,nan,-0.0014,0.0152,1.0603
89,91136,2,1.500,917.0,4.00,2.50,-0.0021,0.0208,1.0671
90,92160,1,4.000,677.0,5.00,1.00,-0.0018,0.0116,1.0716
91,93184,2,-1.000,771.5,2.50,3.50,-0.0015,0.0167,1.0597
92,94208,0,nan,nan,nan,nan,-0.0015,0.0164,1.0607
93,95232,1,2.000,1295.0,5.00,3.00,-0.0021,0.0256,1.0540
94,96256,1,1.000,1870.0,5.00,4.00,-0.0020,0.0197,1.0585
95,97280,1,3.000,1020.0,5.00,2.00,-0.0018,0.0172,1.0525
96,98304,1,3.000,687.0,5.00,2.00,-0.0026,0.0136,1.0659
97,99328,0,nan,nan,nan,nan,-0.0015,0.0147,1.0565
98,100352,2,0.500,1180.5,4.50,4.00,-0.0017,0.0129,1.0561
99,101376,1,3.000,810.0,5.00,2.00,-0.0032,0.0169,1.0542
100,102400,1,-1.000,820.0,4.00,5.00,-0.0021,0.0132,1.0574
101,103424,1,-4.000,691.0,1.00,5.00,-0.0031,0.0217,1.0604
102,104448,1,-2.000,1188.0,3.00,5.00,-0.0012,0.0228,1.0626
103,105472,1,-2.000,1622.0,3.00,5.00,-0.0020,0.0098,1.0585
104,106496,1,-2.000,1004.0,3.00,5.00,-0.0019,0.0165,1.0654
105,107520,1,-1.000,821.0,4.00,5.00,-0.0014,0.0160,1.0655
106,108544,1,2.000,989.0,5.00,3.00,-0.0016,0.0136,1.0735
107,109568,1,-1.000,895.0,4.00,5.00,-0.0017,0.0166,1.0612
108,110592,1,2.000,829.0,5.00,3.00,-0.0011,0.0250,1.0590
109,111616,2,3.500,778.5,5.00,1.50,-0.0017,0.0109,1.0591
110,112640,0,nan,nan,nan,nan,-0.0032,0.0110,1.0519
111,113664,1,-1.000,1555.0,4.00,5.00,-0.0012,0.0155,1.0390
112,114688,0,nan,nan,nan,nan,-0.0015,0.0265,1.0462
113,115712,1,0.000,2000.0,4.00,4.00,-0.0023,0.0203,1.0546
114,116736,2,0.500,673.5,3.50,3.00,-0.0037,0.0153,1.0419
115,117760,1,2.000,1307.0,5.00,3.00,-0.0017,0.0147,1.0358
116,118784,0,nan,nan,nan,nan,-0.0022,0.0230,1.0444
117,119808,1,-3.000,1528.0,2.00,5.00,-0.0019,0.0331,1.0340
118,120832,1,-3.000,856.0,2.00,5.00,-0.0018,0.0128,1.0239
119,121856,1,-1.000,859.0,4.00,5.00,-0.0018,0.0175,1.0352
120,122880,1,4.000,1464.0,5.00,1.00,-0.0021,0.0202,1.0460
121,123904,1,1.000,1341.0,5.00,4.00,-0.0016,0.0130,1.0365
122,124928,0,nan,nan,nan,nan,-0.0012,0.0222,1.0435
123,125952,2,3.000,949.0,5.00,2.00,-0.0015,0.0214,1.0494
124,126976,1,2.000,880.0,5.00,3.00,-0.0015,0.0130,1.0451
125,128000,1,4.000,1044.0,5.00,1.00,-0.0032,0.0170,1.0498
126,129024,0,nan,nan,nan,nan,-0.0020,0.0267,1.0365
127,130048,2,-3.000,1207.0,2.00,5.00,-0.0029,0.0124,1.0247
128,131072,1,5.000,806.0,5.00,0.00,-0.0023,0.0148,1.0424
129,132096,1,4.000,1017.0,5.00,1.00,-0.0026,0.0164,1.0399
130,133120,1,2.000,620.0,5.00,3.00,-0.0017,0.0137,1.0405
131,134144,2,2.500,819.5,5.00,2.50,-0.0022,0.0082,1.0548
132,135168,1,5.000,521.0,5.00,0.00,-0.0015,0.0191,1.0542
133,136192,1,-2.000,1299.0,3.00,5.00,-0.0015,0.0212,1.0450
134,137216,2,0.000,478.0,2.50,2.50,-0.0025,0.0187,1.0350
135,138240,1,-5.000,870.0,0.00,5.00,-0.0029,0.0148,1.0456
136,139264,1,-4.000,613.0,1.00,5.00,-0.0024,0.0112,1.0532
137,140288,1,2.000,1095.0,5.00,3.00,-0.0026,0.0164,1.0521
138,141312,1,1.000,956.0,5.00,4.00,-0.0019,0.0262,1.0470
139,142336,1,-1.000,1278.0,4.00,5.00,-0.0015,0.0259,1.0397
140,143360,0,nan,nan,nan,nan,-0.0022,0.0269,1.0526
141,144384,1,1.000,2000.0,4.00,3.00,-0.0013,0.0169,1.0476
142,145408,2,3.000,845.0,5.00,2.00,-0.0038,0.0194,1.0644
143,146432,1,4.000,483.0,5.00,1.00,-0.0013,0.0166,1.0555
144,147456,1,-2.000,1043.0,3.00,5.00,-0.0038,0.0077,1.0297
145,148480,1,-2.000,974.0,3.00,5.00,-0.0021,0.0132,1.0375
146,149504,1,2.000,806.0,5.00,3.00,-0.0023,0.0165,1.0277
147,150528,1,-4.000,1663.0,1.00,5.00,-0.0020,0.0190,1.0220
148,151552,1,3.000,1190.0,5.00,2.00,-0.0032,0.0283,1.0356
149,152576,0,nan,nan,nan,nan,-0.0018,0.0157,1.0189
150,153600,1,-2.000,1113.0,3.00,5.00,-0.0025,0.0125,1.0215
151,154624,2,0.000,976.0,4.00,4.00,-0.0022,0.0154,1.0220
152,155648,0,nan,nan,nan,nan,-0.0032,0.0174,1.0036
153,156672,2,-0.500,1020.5,3.00,3.50,-0.0025,0.0199,1.0192
154,157696,0,nan,nan,nan,nan,-0.0033,0.0304,1.0409
155,158720,1,-1.000,1330.0,4.00,5.00,-0.0014,0.0160,1.0012
156,159744,1,2.000,926.0,5.00,3.00,-0.0039,0.0236,1.0332
157,160768,0,nan,nan,nan,nan,-0.0015,0.0117,1.0152
158,161792,2,-3.500,1293.0,1.50,5.00,-0.0017,0.0198,0.9826
159,162816,1,-4.000,579.0,1.00,5.00,-0.0024,0.0104,1.0174
160,163840,1,-5.000,1307.0,0.00,5.00,-0.0016,0.0164,0.9941
161,164864,0,nan,nan,nan,nan,-0.0028,0.0162,1.0188
162,165888,1,0.000,2000.0,4.00,4.00,-0.0020,0.0154,1.0266
163,166912,0,nan,nan,nan,nan,-0.0016,0.0135,1.0273
164,167936,1,3.000,1588.0,5.00,2.00,-0.0042,0.0136,1.0218
165,168960,1,1.000,1256.0,5.00,4.00,-0.0050,0.0138,1.0117
166,169984,1,-2.000,1128.0,3.00,5.00,-0.0023,0.0173,1.0059
167,171008,1,-4.000,1222.0,1.00,5.00,-0.0016,0.0133,1.0229
168,172032,0,nan,nan,nan,nan,-0.0016,0.0101,1.0330
169,173056,2,2.000,1072.5,5.00,3.00,-0.0030,0.0168,1.0330
170,174080,1,-5.000,1052.0,0.00,5.00,-0.0029,0.0137,1.0275
171,175104,2,0.000,662.0,3.50,3.50,-0.0018,0.0194,1.0264
172,176128,0,nan,nan,nan,nan,-0.0018,0.0230,1.0329
173,177152,1,1.000,1228.0,5.00,4.00,-0.0027,0.0236,1.0360
174,178176,0,nan,nan,nan,nan,-0.0029,0.0248,1.0249
175,179200,1,2.000,1945.0,5.00,3.00,-0.0027,0.0179,1.0305
176,180224,1,1.000,1946.0,5.00,4.00,-0.0027,0.0141,1.0344
177,181248,1,-5.000,518.0,0.00,5.00,-0.0018,0.0151,1.0211
178,182272,1,4.000,996.0,5.00,1.00,-0.0033,0.0165,1.0322
179,183296,0,nan,nan,nan,nan,-0.0037,0.0189,1.0283
180,184320,1,1.000,1951.0,5.00,4.00,-0.0023,0.0146,1.0300
181,185344,1,-4.000,742.0,1.00,5.00,-0.0027,0.0124,1.0325
182,186368,0,nan,nan,nan,nan,-0.0034,0.0163,1.0236
183,187392,1,3.000,1979.0,5.00,2.00,-0.0032,0.0159,1.0064
184,188416,1,1.000,1098.0,5.00,4.00,-0.0016,0.0193,1.0213
185,189440,1,-1.000,1377.0,4.00,5.00,-0.0023,0.0082,1.0047
186,190464,0,nan,nan,nan,nan,-0.0021,0.0160,1.0227
187,191488,1,-1.000,1788.0,4.00,5.00,-0.0020,0.0308,0.9955
188,192512,1,-3.000,1359.0,2.00,5.00,-0.0016,0.0157,1.0263
189,193536,1,-3.000,1428.0,2.00,5.00,-0.0016,0.0271,0.9826
190,194560,1,-3.000,1076.0,2.00,5.00,-0.0013,0.0069,1.0137
191,195584,0,nan,nan,nan,nan,-0.0013,0.0142,1.0219
192,196608,1,2.000,1164.0,5.00,3.00,-0.0024,0.0191,1.0103
193,197632,1,-3.000,1051.0,2.00,5.00,-0.0018,0.0131,1.0133
194,198656,1,-2.000,1056.0,3.00,5.00,-0.0038,0.0255,0.9994
195,199680,1,-2.000,1638.0,3.00,5.00,-0.0019,0.0165,1.0201
196,200704,1,-4.000,607.0,1.00,5.00,-0.0013,0.0194,1.0265
197,201728,1,-2.000,1279.0,3.00,5.00,-0.0023,0.0133,1.0371
198,202752,1,1.000,730.0,5.00,4.00,-0.0026,0.0195,1.0508
199,203776,1,-1.000,1087.0,4.00,5.00,-0.0021,0.0104,1.0291
200,204800,1,2.000,1442.0,5.00,3.00,-0.0010,0.0095,1.0435
201,205824,0,nan,nan,nan,nan,-0.0017,0.0172,1.0482
202,206848,1,3.000,1543.0,5.00,2.00,-0.0034,0.0209,1.0221
203,207872,1,-3.000,1121.0,2.00,5.00,-0.0020,0.0121,1.0439
204,208896,1,4.000,633.0,5.00,1.00,-0.0021,0.0173,1.0326
205,209920,1,-3.000,1821.0,2.00,5.00,-0.0018,0.0099,1.0317
206,210944,0,nan,nan,nan,nan,-0.0019,0.0109,1.0395
207,211968,1,0.000,2000.0,3.00,3.00,-0.0015,0.0171,1.0434
208,212992,1,4.000,1110.0,5.00,1.00,-0.0026,0.0191,1.0399
209,214016,0,nan,nan,nan,nan,-0.0009,0.0122,1.0418
210,215040,1,1.000,1633.0,5.00,4.00,-0.0029,0.0117,1.0316
211,216064,1,2.000,963.0,5.00,3.00,-0.0027,0.0126,1.0261
212,217088,1,1.000,1220.0,5.00,4.00,-0.0028,0.0136,1.0185
213,218112,0,nan,nan,nan,nan,-0.0043,0.0158,1.0219
214,219136,2,0.000,1256.5,4.50,4.50,-0.0017,0.0206,1.0212
215,220160,0,nan,nan,nan,nan,-0.0023,0.0321,1.0221
216,221184,2,0.500,930.0,3.00,2.50,-0.0016,0.0220,1.0365
217,222208,0,nan,nan,nan,nan,-0.0026,0.0122,1.0262
218,223232,1,-4.000,1631.0,1.00,5.00,-0.0014,0.0153,1.0153
219,224256,1,-4.000,992.0,1.00,5.00,-0.0021,0.0185,1.0356
220,225280,0,nan,nan,nan,nan,-0.0015,0.0147,1.0137
221,226304,2,-2.000,1320.0,2.50,4.50,-0.0019,0.0134,1.0212
222,227328,0,nan,nan,nan,nan,-0.0027,0.0203,1.0363
223,228352,2,1.000,1012.0,4.50,3.50,-0.0014,0.0124,1.0339
224,229376,0,nan,nan,nan,nan,-0.0027,0.0156,1.0350
225,230400,1,-1.000,1205.0,4.00,5.00,-0.0019,0.0155,1.0390
226,231424,1,1.000,1599.0,5.00,4.00,-0.0030,0.0239,1.0285
227,232448,1,1.000,1230.0,5.00,4.00,-0.0029,0.0238,1.0329
228,233472,0,nan,nan,nan,nan,-0.0032,0.0137,1.0437
229,234496,1,-5.000,1619.0,0.00,5.00,-0.0024,0.0182,1.0415
230,235520,1,-5.000,1043.0,0.00,5.00,-0.0013,0.0163,1.0313
231,236544,1,-4.000,564.0,1.00,5.00,-0.0019,0.0149,1.0396
232,237568,1,4.000,1314.0,5.00,1.00,-0.0018,0.0161,1.0219
233,238592,1,-2.000,717.0,3.00,5.00,-0.0021,0.0159,1.0441
234,239616,1,-1.000,1304.0,4.00,5.00,-0.0026,0.0249,1.0372
235,240640,1,3.000,1537.0,5.00,2.00,-0.0037,0.0196,1.0208
236,241664,1,1.000,1069.0,5.00,4.00,-0.0020,0.0220,1.0213
237,242688,1,-2.000,987.0,3.00,5.00,-0.0021,0.0173,1.0338
238,243712,1,-4.000,1155.0,1.00,5.00,-0.0018,0.0186,1.0163
239,244736,0,nan,nan,nan,nan,-0.0019,0.0167,1.0343
240,245760,1,1.000,1643.0,5.00,4.00,-0.0024,0.0088,1.0301
241,246784,1,-5.000,1512.0,0.00,5.00,-0.0029,0.0210,1.0318
242,247808,0,nan,nan,nan,nan,-0.0026,0.0147,1.0429
243,248832,1,2.000,1089.0,5.00,3.00,-0.0013,0.0231,1.0541
244,249856,1,2.000,1599.0,5.00,3.00,-0.0009,0.0215,1.0485
245,250880,0,nan,nan,nan,nan,-0.0030,0.0178,1.0473
246,251904,1,-1.000,1885.0,4.00,5.00,-0.0021,0.0074,1.0527
247,252928,1,-3.000,1293.0,2.00,5.00,-0.0024,0.0115,1.0561
248,253952,0,nan,nan,nan,nan,-0.0024,0.0143,1.0472
249,254976,1,2.000,2000.0,4.00,2.00,-0.0030,0.0204,1.0452
250,256000,1,-4.000,1231.0,1.00,5.00,-0.0028,0.0122,1.0592
251,257024,1,-3.000,925.0,2.00,5.00,-0.0028,0.0124,1.0556
252,258048,1,-5.000,916.0,0.00,5.00,-0.0013,0.0107,1.0609
253,259072,0,nan,nan,nan,nan,-0.0016,0.0238,1.0472
254,260096,1,-1.000,1728.0,4.00,5.00,-0.0025,0.0145,1.0576
255,261120,1,1.000,1614.0,5.00,4.00,-0.0040,0.0142,1.0405
256,262144,0,nan,nan,nan,nan,-0.0019,0.0143,1.0504
257,263168,1,-4.000,1188.0,1.00,5.00,-0.0020,0.0150,1.0368
258,264192,1,5.000,1934.0,5.00,0.00,-0.0027,0.0229,1.0457
259,265216,0,nan,nan,nan,nan,-0.0015,0.0127,1.0282
260,266240,1,2.000,1128.0,5.00,3.00,-0.0021,0.0157,1.0276
261,267264,1,1.000,1940.0,5.00,4.00,-0.0015,0.0187,1.0388
262,268288,1,-2.000,979.0,3.00,5.00,-0.0020,0.0128,1.0486
263,269312,1,-2.000,1076.0,3.00,5.00,-0.0005,0.0154,1.0556
264,270336,0,nan,nan,nan,nan,-0.0015,0.0221,1.0373
265,271360,1,1.000,1791.0,5.00,4.00,-0.0021,0.0210,1.0425
266,272384,0,nan,nan,nan,nan,-0.0030,0.0092,1.0452
267,273408,1,1.000,2000.0,4.00,3.00,-0.0017,0.0221,1.0451
268,274432,0,nan,nan,nan,nan,-0.0017,0.0242,1.0332
269,275456,1,-3.000,1615.0,2.00,5.00,-0.0020,0.0142,1.0442
270,276480,1,2.000,818.0,5.00,3.00,-0.0021,0.0125,1.0397
271,277504,1,3.000,1097.0,5.00,2.00,-0.0031,0.0163,1.0476
272,278528,1,-3.000,1538.0,2.00,5.00,-0.0037,0.0212,1.0462
273,279552,0,nan,nan,nan,nan,-0.0039,0.0169,1.0586
274,280576,1,0.000,2000.0,4.00,4.00,-0.0022,0.0251,1.0649
275,281600,0,nan,nan,nan,nan,-0.0021,0.0149,1.0568
276,282624,1,-1.000,1469.0,4.00,5.00,-0.0033,0.0157,1.0507
277,283648,1,1.000,1680.0,5.00,4.00,-0.0041,0.0199,1.0541
278,284672,1,-5.000,620.0,0.00,5.00,-0.0029,0.0212,1.0477
279,285696,0,nan,nan,nan,nan,-0.0026,0.0197,1.0517
280,286720,1,2.000,1912.0,5.00,3.00,-0.0026,0.0269,1.0391
281,287744,1,-1.000,1578.0,4.00,5.00,-0.0025,0.0175,1.0485
282,288768,1,5.000,852.0,5.00,0.00,-0.0021,0.0126,1.0425
283,289792,1,-2.000,1043.0,3.00,5.00,-0.0028,0.0119,1.0510
284,290816,1,-4.000,754.0,1.00,5.00,-0.0037,0.0139,1.0462
285,291840,2,-1.000,670.0,3.00,4.00,-0.0021,0.0126,1.0484
286,292864,1,-1.000,1221.0,4.00,5.00,-0.0029,0.0195,1.0474
287,293888,0,nan,nan,nan,nan,-0.0029,0.0157,1.0550
288,294912,1,3.000,1501.0,5.00,2.00,-0.0023,0.0230,1.0538
289,295936,1,2.000,1379.0,5.00,3.00,-0.0026,0.0178,1.0574
290,296960,1,2.000,1083.0,5.00,3.00,-0.0016,0.0085,1.0499
291,297984,0,nan,nan,nan,nan,-0.0024,0.0124,1.0569
292,299008,2,2.500,1053.0,5.00,2.50,-0.0029,0.0174,1.0509
293,300000,1,1.000,825.0,5.00,4.00,-0.0021,0.0145,1.0521
