iter,steps,episodes,mean_return_A,mean_len,mean_A,mean_B,loss_pg,loss_v,entropy,ent_coef,approx_kl,clip_frac,explained_variance,reward_event_rate,truncated_episodes
1,1024,0,nan,nan,nan,nan,-0.0024,0.0766,1.0984,0.01000,0.00025,0.0000,0.4856,0.00488,0
2,2048,1,-3.000,1462.0,2.00,5.00,-0.0012,0.0886,1.0981,0.00999,0.00011,0.0000,0.6109,0.00586,0
3,3072,1,4.000,689.0,5.00,1.00,-0.0011,0.0925,1.0981,0.00998,0.00011,0.0000,0.6474,0.00586,0
4,4096,2,-1.000,744.0,2.50,3.50,-0.0008,0.1193,1.0977,0.00997,0.00012,0.0000,0.8222,0.01270,0
5,5120,2,-0.500,719.5,3.00,3.50,-0.0012,0.1680,1.0972,0.00996,0.00012,0.0000,0.6568,0.00781,0
6,6144,0,nan,nan,nan,nan,-0.0013,0.0759,1.0971,0.00995,0.00010,0.0000,0.2687,0.00195,0
7,7168,1,0.000,2000.0,3.00,3.00,-0.0020,0.1263,1.0968,0.00994,0.00022,0.0000,0.3623,0.00391,1
8,8192,0,nan,nan,nan,nan,-0.0006,0.1585,1.0967,0.00994,0.00009,0.0000,0.5272,0.00586,0
9,9216,1,-1.000,1653.0,4.00,5.00,-0.0008,0.1322,1.0967,0.00993,0.00007,0.0000,0.5283,0.00586,0
10,10240,1,-5.000,796.0,0.00,5.00,-0.0013,0.2147,1.0955,0.00992,0.00015,0.0000,0.5887,0.00684,0
11,11264,1,-2.000,1325.0,3.00,5.00,-0.0016,0.1025,1.0944,0.00991,0.00020,0.0000,0.6331,0.00684,0
12,12288,1,1.000,815.0,5.00,4.00,-0.0011,0.1380,1.0927,0.00990,0.00019,0.0000,0.6203,0.00684,0
13,13312,1,-4.000,1059.0,1.00,5.00,-0.0020,0.0956,1.0918,0.00989,0.00025,0.0000,0.7357,0.00781,0
14,14336,2,3.500,714.5,5.00,1.50,-0.0016,0.1444,1.0899,0.00988,0.00023,0.0000,0.6746,0.00977,0
15,15360,1,-5.000,559.0,0.00,5.00,-0.0011,0.0935,1.0906,0.00987,0.00015,0.0000,0.7158,0.00781,0
16,16384,1,-3.000,791.0,2.00,5.00,-0.0015,0.1761,1.0911,0.00986,0.00021,0.0000,0.4444,0.00684,0
17,17408,1,-1.000,1647.0,4.00,5.00,-0.0010,0.1010,1.0900,0.00985,0.00013,0.0000,0.5499,0.00586,0
18,18432,1,2.000,1117.0,5.00,3.00,-0.0008,0.1294,1.0890,0.00984,0.00009,0.0000,0.5252,0.00781,0
19,19456,1,-2.000,1161.0,3.00,5.00,-0.0011,0.1459,1.0907,0.00983,0.00011,0.0000,0.5584,0.00684,0
20,20480,0,nan,nan,nan,nan,-0.0008,0.1036,1.0915,0.00982,0.00013,0.0000,0.4094,0.00293,0
21,21504,2,1.000,991.0,4.00,3.00,-0.0012,0.1036,1.0889,0.00982,0.00017,0.0000,0.6938,0.01074,0
22,22528,0,nan,nan,nan,nan,-0.0008,0.0870,1.0909,0.00981,0.00011,0.0000,0.4202,0.00293,0
23,23552,1,-2.000,1759.0,3.00,5.00,-0.0020,0.0946,1.0905,0.00980,0.00027,0.0000,0.5270,0.00684,0
24,24576,1,1.000,1320.0,5.00,4.00,-0.0010,0.0486,1.0874,0.00979,0.00011,0.0000,0.7230,0.00781,0
25,25600,1,3.000,641.0,5.00,2.00,-0.0003,0.1670,1.0840,0.00978,0.00003,0.0000,0.4825,0.00781,0
26,26624,1,2.000,1101.0,5.00,3.00,-0.0007,0.1405,1.0889,0.00977,0.00009,0.0000,0.5181,0.00586,0
27,27648,0,nan,nan,nan,nan,-0.0016,0.0969,1.0909,0.00976,0.00021,0.0000,0.3764,0.00488,0
28,28672,1,4.000,1422.0,5.00,1.00,-0.0010,0.1031,1.0928,0.00975,0.00012,0.0000,0.5981,0.00684,0
29,29696,1,-3.000,1084.0,2.00,5.00,-0.0018,0.0925,1.0923,0.00974,0.00022,0.0000,0.5855,0.00586,0
30,30720,1,2.000,1235.0,5.00,3.00,-0.0008,0.1505,1.0922,0.00973,0.00014,0.0000,0.7243,0.00879,0
31,31744,1,-3.000,755.0,2.00,5.00,-0.0005,0.1417,1.0912,0.00972,0.00007,0.0000,0.3249,0.00488,0
32,32768,1,-3.000,1367.0,2.00,5.00,-0.0011,0.1127,1.0908,0.00971,0.00009,0.0000,0.5405,0.00586,0
33,33792,1,-1.000,1419.0,4.00,5.00,-0.0015,0.1284,1.0913,0.00970,0.00020,0.0000,0.5236,0.00684,0
34,34816,2,-4.500,632.5,0.50,5.00,-0.0008,0.0824,1.0912,0.00970,0.00008,0.0000,0.5360,0.00977,0
35,35840,1,-3.000,592.0,2.00,5.00,-0.0017,0.0883,1.0912,0.00969,0.00025,0.0000,0.7724,0.01172,0
36,36864,1,1.000,778.0,5.00,4.00,-0.0012,0.1589,1.0899,0.00968,0.00017,0.0000,0.7588,0.01074,0
37,37888,2,-2.500,781.0,2.50,5.00,-0.0012,0.1256,1.0880,0.00967,0.00015,0.0000,0.7068,0.00977,0
38,38912,1,2.000,950.0,5.00,3.00,-0.0013,0.2249,1.0885,0.00966,0.00019,0.0000,0.6278,0.00879,0
39,39936,1,-5.000,485.0,0.00,5.00,-0.0008,0.1125,1.0884,0.00965,0.00008,0.0000,0.6367,0.00781,0
40,40960,1,1.000,1354.0,5.00,4.00,-0.0008,0.1361,1.0872,0.00964,0.00011,0.0000,0.6657,0.00781,0
41,41984,1,-1.000,844.0,4.00,5.00,-0.0012,0.1536,1.0874,0.00963,0.00017,0.0000,0.6726,0.00977,0
42,43008,1,1.000,1434.0,5.00,4.00,-0.0004,0.1422,1.0869,0.00962,0.00009,0.0000,0.2839,0.00391,0
43,44032,0,nan,nan,nan,nan,-0.0015,0.1041,1.0873,0.00961,0.00015,0.0000,0.4402,0.00488,0
44,45056,1,-2.000,1591.0,3.00,5.00,-0.0013,0.1509,1.0870,0.00960,0.00018,0.0000,0.6321,0.00781,0
45,46080,1,3.000,761.0,5.00,2.00,-0.0017,0.1251,1.0852,0.00959,0.00023,0.0000,0.5835,0.00684,0
46,47104,1,-3.000,1108.0,2.00,5.00,-0.0015,0.0920,1.0843,0.00959,0.00018,0.0000,0.6674,0.00586,0
47,48128,1,4.000,958.0,5.00,1.00,-0.0009,0.0697,1.0850,0.00958,0.00008,0.0000,0.5230,0.00586,0
48,49152,1,4.000,1093.0,5.00,1.00,-0.0008,0.0961,1.0855,0.00957,0.00009,0.0000,0.3615,0.00391,0
49,50176,1,-4.000,1175.0,1.00,5.00,-0.0010,0.1472,1.0835,0.00956,0.00013,0.0000,0.6847,0.00684,0
50,51200,1,-2.000,1105.0,3.00,5.00,-0.0009,0.1751,1.0852,0.00955,0.00012,0.0000,0.5596,0.00684,0
51,52224,1,2.000,1323.0,5.00,3.00,-0.0013,0.1593,1.0797,0.00954,0.00012,0.0000,0.7016,0.00781,0
52,53248,1,2.000,696.0,5.00,3.00,-0.0014,0.1440,1.0785,0.00953,0.00013,0.0000,0.6727,0.00977,0
53,54272,1,-1.000,1251.0,4.00,5.00,-0.0008,0.1490,1.0803,0.00952,0.00011,0.0000,0.4573,0.00586,0
54,55296,1,-1.000,1055.0,4.00,5.00,-0.0005,0.1516,1.0784,0.00951,0.00008,0.0000,0.7092,0.01172,0
55,56320,2,-3.000,582.5,2.00,5.00,-0.0005,0.1118,1.0833,0.00950,0.00008,0.0000,0.7507,0.01172,0
56,57344,1,-4.000,428.0,1.00,5.00,-0.0016,0.1794,1.0806,0.00949,0.00023,0.0000,0.5986,0.00781,0
57,58368,1,3.000,1197.0,5.00,2.00,-0.0011,0.1084,1.0771,0.00948,0.00017,0.0000,0.5841,0.00586,0
58,59392,1,-2.000,1133.0,3.00,5.00,-0.0014,0.1379,1.0791,0.00947,0.00019,0.0000,0.5694,0.00879,0
59,60416,1,-3.000,803.0,2.00,5.00,-0.0013,0.1404,1.0735,0.00947,0.00019,0.0000,0.6499,0.00684,0
60,61440,1,3.000,1512.0,5.00,2.00,-0.0026,0.1453,1.0828,0.00946,0.00048,0.0000,0.4769,0.00586,0
61,62464,1,-2.000,746.0,3.00,5.00,-0.0005,0.1138,1.0800,0.00945,0.00018,0.0000,0.6143,0.00781,0
62,63488,1,3.000,908.0,5.00,2.00,-0.0016,0.1046,1.0807,0.00944,0.00018,0.0000,0.7128,0.00781,0
63,64512,2,-4.000,674.5,1.00,5.00,-0.0012,0.1659,1.0834,0.00943,0.00019,0.0000,0.5970,0.00879,0
64,65536,1,-1.000,1261.0,4.00,5.00,-0.0009,0.1251,1.0820,0.00942,0.00013,0.0000,0.6413,0.00781,0
65,66560,0,nan,nan,nan,nan,-0.0010,0.1094,1.0817,0.00941,0.00011,0.0000,0.5004,0.00488,0
66,67584,1,-1.000,1897.0,4.00,5.00,-0.0015,0.0759,1.0846,0.00940,0.00017,0.0000,0.4501,0.00488,0
67,68608,1,1.000,1201.0,5.00,4.00,-0.0016,0.1138,1.0841,0.00939,0.00029,0.0000,0.5052,0.00684,0
68,69632,0,nan,nan,nan,nan,-0.0015,0.1518,1.0818,0.00938,0.00021,0.0000,0.6095,0.00781,0
69,70656,2,-1.000,1041.0,3.50,4.50,-0.0012,0.1007,1.0868,0.00937,0.00018,0.0000,0.6992,0.00879,0
70,71680,0,nan,nan,nan,nan,-0.0008,0.1644,1.0892,0.00936,0.00009,0.0000,0.5993,0.00684,0
71,72704,1,1.000,1154.0,5.00,4.00,-0.0011,0.1144,1.0815,0.00935,0.00013,0.0000,0.6111,0.00684,0
72,73728,2,3.500,875.0,5.00,1.50,-0.0007,0.1767,1.0762,0.00935,0.00011,0.0000,0.6647,0.00977,0
73,74752,1,-2.000,714.0,3.00,5.00,-0.0007,0.0963,1.0815,0.00934,0.00008,0.0000,0.6602,0.00781,0
74,75776,1,-1.000,1463.0,4.00,5.00,-0.0011,0.0541,1.0857,0.00933,0.00012,0.0000,0.7726,0.00684,0
75,76800,0,nan,nan,nan,nan,-0.0021,0.0871,1.0851,0.00932,0.00026,0.0000,0.3752,0.00293,0
76,77824,1,4.000,1299.0,5.00,1.00,-0.0010,0.0992,1.0858,0.00931,0.00017,0.0000,0.6540,0.00684,0
77,78848,1,1.000,1400.0,5.00,4.00,-0.0014,0.1193,1.0842,0.00930,0.00015,0.0000,0.5245,0.00488,0
78,79872,1,-1.000,1296.0,4.00,5.00,-0.0014,0.1173,1.0824,0.00929,0.00017,0.0000,0.6303,0.00781,0
79,80896,1,-3.000,1193.0,2.00,5.00,-0.0006,0.1115,1.0863,0.00928,0.00010,0.0000,0.6966,0.00684,0
80,81920,1,-3.000,852.0,2.00,5.00,-0.0017,0.0880,1.0820,0.00927,0.00021,0.0000,0.6189,0.00781,0
81,82944,0,nan,nan,nan,nan,-0.0017,0.0820,1.0894,0.00926,0.00026,0.0000,0.6024,0.00488,0
82,83968,1,1.000,1875.0,5.00,4.00,-0.0013,0.1245,1.0860,0.00925,0.00017,0.0000,0.5744,0.00488,0
83,84992,2,0.000,678.0,2.50,2.50,-0.0014,0.1321,1.0831,0.00924,0.00019,0.0000,0.7324,0.00879,0
84,86016,1,-1.000,1065.0,4.00,5.00,-0.0021,0.1211,1.0864,0.00923,0.00031,0.0000,0.5826,0.00781,0
85,87040,0,nan,nan,nan,nan,-0.0011,0.1309,1.0844,0.00923,0.00014,0.0000,0.5258,0.00586,0
86,88064,1,-3.000,1095.0,2.00,5.00,-0.0020,0.1325,1.0824,0.00922,0.00024,0.0000,0.5491,0.00586,0
87,89088,2,3.000,906.0,5.00,2.00,-0.0008,0.1041,1.0778,0.00921,0.00017,0.0000,0.7219,0.01074,0
88,90112,0,nan,nan,nan,nan,-0.0011,0.1535,1.0819,0.00920,0.00018,0.0000,0.5514,0.00586,0
89,91136,1,1.000,1221.0,5.00,4.00,-0.0020,0.1171,1.0784,0.00919,0.00025,0.0000,0.4710,0.00586,0
90,92160,1,1.000,1915.0,5.00,4.00,-0.0020,0.0753,1.0764,0.00918,0.00052,0.0000,0.5791,0.00391,0
91,93184,0,nan,nan,nan,nan,-0.0017,0.0837,1.0747,0.00917,0.00034,0.0000,0.4373,0.00391,0
92,94208,1,1.000,1769.0,5.00,4.00,-0.0018,0.1171,1.0694,0.00916,0.00027,0.0000,0.4875,0.00586,0
93,95232,1,-2.000,1026.0,3.00,5.00,-0.0018,0.1634,1.0691,0.00915,0.00029,0.0000,0.6004,0.00781,0
94,96256,0,nan,nan,nan,nan,-0.0022,0.0682,1.0742,0.00914,0.00042,0.0000,0.7586,0.00586,0
95,97280,1,-1.000,1529.0,4.00,5.00,-0.0015,0.0931,1.0787,0.00913,0.00035,0.0000,0.6777,0.00781,0
96,98304,1,-1.000,1438.0,4.00,5.00,-0.0011,0.0910,1.0808,0.00912,0.00011,0.0000,0.6039,0.00586,0
97,99328,1,1.000,1380.0,5.00,4.00,-0.0008,0.1648,1.0765,0.00911,0.00005,0.0000,0.5180,0.00684,0
98,100352,1,2.000,1045.0,5.00,3.00,-0.0016,0.1218,1.0800,0.00911,0.00023,0.0000,0.6096,0.00684,0
99,101376,0,nan,nan,nan,nan,-0.0013,0.0852,1.0821,0.00910,0.00019,0.0000,0.6622,0.00684,0
100,102400,2,-1.000,1064.5,3.00,4.00,-0.0008,0.0982,1.0827,0.00909,0.00011,0.0000,0.6442,0.00684,0
101,103424,0,nan,nan,nan,nan,-0.0006,0.1495,1.0803,0.00908,0.00008,0.0000,0.4987,0.00586,0
102,104448,1,3.000,1312.0,5.00,2.00,-0.0017,0.0920,1.0822,0.00907,0.00020,0.0000,0.6338,0.00586,0
103,105472,1,-2.000,932.0,3.00,5.00,-0.0016,0.1155,1.0831,0.00906,0.00026,0.0000,0.4894,0.00684,0
104,106496,0,nan,nan,nan,nan,-0.0015,0.0745,1.0822,0.00905,0.00023,0.0000,0.5786,0.00391,0
105,107520,1,0.000,2000.0,4.00,4.00,-0.0016,0.0829,1.0832,0.00904,0.00021,0.0000,0.5933,0.00488,1
106,108544,1,-2.000,1684.0,3.00,5.00,-0.0022,0.0835,1.0807,0.00903,0.00030,0.0000,0.4234,0.00293,0
107,109568,0,nan,nan,nan,nan,-0.0013,0.0987,1.0797,0.00902,0.00029,0.0000,0.6327,0.00781,0
108,110592,1,1.000,1324.0,5.00,4.00,-0.0015,0.0812,1.0821,0.00901,0.00019,0.0000,0.5319,0.00391,0
109,111616,1,-2.000,1884.0,3.00,5.00,-0.0014,0.1064,1.0789,0.00900,0.00025,0.0000,0.5775,0.00586,0
110,112640,0,nan,nan,nan,nan,-0.0018,0.0635,1.0825,0.00899,0.00024,0.0000,0.3663,0.00195,0
111,113664,1,-2.000,1950.0,3.00,5.00,-0.0009,0.0899,1.0847,0.00899,0.00015,0.0000,0.4994,0.00488,0
112,114688,0,nan,nan,nan,nan,-0.0015,0.0917,1.0834,0.00898,0.00014,0.0000,0.6099,0.00586,0
113,115712,1,2.000,1537.0,5.00,3.00,-0.0014,0.1096,1.0824,0.00897,0.00012,0.0000,0.6821,0.00684,0
114,116736,1,-2.000,1149.0,3.00,5.00,-0.0013,0.1010,1.0810,0.00896,0.00016,0.0000,0.5374,0.00684,0
115,117760,1,-3.000,929.0,2.00,5.00,-0.0013,0.1157,1.0810,0.00895,0.00026,0.0000,0.7006,0.00879,0
116,118784,2,0.000,651.0,3.50,3.50,-0.0018,0.1126,1.0783,0.00894,0.00043,0.0000,0.7377,0.01172,0
117,119808,1,-2.000,832.0,3.00,5.00,-0.0010,0.1331,1.0812,0.00893,0.00017,0.0000,0.5227,0.00684,0
118,120832,1,-4.000,1510.0,1.00,5.00,-0.0019,0.0661,1.0820,0.00892,0.00022,0.0000,0.6222,0.00391,0
119,121856,1,-3.000,707.0,2.00,5.00,-0.0015,0.0758,1.0793,0.00891,0.00020,0.0000,0.4904,0.00586,0
120,122880,0,nan,nan,nan,nan,-0.0014,0.1079,1.0771,0.00890,0.00021,0.0000,0.6024,0.00684,0
121,123904,2,-2.000,1220.0,2.50,4.50,-0.0019,0.1101,1.0792,0.00889,0.00029,0.0000,0.6724,0.00684,0
122,124928,0,nan,nan,nan,nan,-0.0012,0.1296,1.0795,0.00888,0.00015,0.0000,0.5773,0.00391,0
123,125952,1,2.000,1898.0,5.00,3.00,-0.0018,0.1084,1.0787,0.00888,0.00023,0.0000,0.5694,0.00391,0
124,126976,1,-2.000,911.0,3.00,5.00,-0.0023,0.0843,1.0757,0.00887,0.00039,0.0000,0.6946,0.00977,0
125,128000,1,3.000,777.0,5.00,2.00,-0.0012,0.1180,1.0744,0.00886,0.00027,0.0000,0.6809,0.01074,0
126,129024,2,1.000,567.0,4.00,3.00,-0.0009,0.1541,1.0717,0.00885,0.00016,0.0000,0.7275,0.00879,0
127,130048,1,-4.000,854.0,1.00,5.00,-0.0007,0.1459,1.0708,0.00884,0.00020,0.0000,0.7379,0.01172,0
128,131072,1,-1.000,896.0,4.00,5.00,-0.0022,0.1493,1.0741,0.00883,0.00023,0.0000,0.4379,0.00391,0
129,132096,0,nan,nan,nan,nan,-0.0011,0.0867,1.0783,0.00882,0.00020,0.0000,0.4268,0.00293,0
130,133120,2,0.500,1312.0,3.50,3.00,-0.0012,0.0907,1.0721,0.00881,0.00022,0.0000,0.7879,0.00977,1
131,134144,1,4.000,432.0,5.00,1.00,-0.0011,0.1337,1.0661,0.00880,0.00027,0.0000,0.7341,0.00977,0
132,135168,2,-2.500,753.0,2.50,5.00,-0.0018,0.1384,1.0651,0.00879,0.00033,0.0000,0.6431,0.01074,0
133,136192,1,1.000,1034.0,5.00,4.00,-0.0027,0.2014,1.0635,0.00878,0.00061,0.0000,0.6266,0.00879,0
134,137216,0,nan,nan,nan,nan,-0.0023,0.1349,1.0658,0.00877,0.00045,0.0000,0.4746,0.00488,0
135,138240,2,0.000,1119.0,4.00,4.00,-0.0013,0.1132,1.0594,0.00876,0.00028,0.0000,0.7546,0.00977,0
136,139264,0,nan,nan,nan,nan,-0.0011,0.1379,1.0641,0.00876,0.00019,0.0000,0.2599,0.00293,0
137,140288,1,-3.000,1589.0,2.00,5.00,-0.0020,0.1510,1.0622,0.00875,0.00028,0.0000,0.5259,0.00586,0
138,141312,1,-2.000,1154.0,3.00,5.00,-0.0020,0.0906,1.0698,0.00874,0.00039,0.0000,0.5979,0.00684,0
139,142336,1,-3.000,1192.0,2.00,5.00,-0.0017,0.1122,1.0624,0.00873,0.00037,0.0000,0.7047,0.00781,0
140,143360,1,-5.000,559.0,0.00,5.00,-0.0006,0.1628,1.0601,0.00872,0.00014,0.0000,0.6105,0.00586,0
141,144384,0,nan,nan,nan,nan,-0.0025,0.1210,1.0666,0.00871,0.00044,0.0000,0.4742,0.00293,0
142,145408,1,1.000,2000.0,4.00,3.00,-0.0030,0.1084,1.0626,0.00870,0.00062,0.0000,0.3856,0.00391,1
143,146432,1,-1.000,1755.0,4.00,5.00,-0.0011,0.1202,1.0670,0.00869,0.00027,0.0000,0.4713,0.00488,0
144,147456,0,nan,nan,nan,nan,-0.0028,0.0595,1.0698,0.00868,0.00067,0.0000,0.5119,0.00293,0
145,148480,1,-5.000,1469.0,0.00,5.00,-0.0017,0.0975,1.0678,0.00867,0.00038,0.0000,0.4436,0.00586,0
146,149504,1,-3.000,773.0,2.00,5.00,-0.0014,0.1030,1.0650,0.00866,0.00030,0.0000,0.5730,0.00879,0
147,150528,1,-3.000,1039.0,2.00,5.00,-0.0027,0.0801,1.0698,0.00865,0.00039,0.0000,0.6928,0.00684,0
148,151552,1,-2.000,986.0,3.00,5.00,-0.0020,0.0877,1.0630,0.00864,0.00026,0.0000,0.7013,0.00684,0
149,152576,2,0.500,917.0,4.00,3.50,-0.0021,0.1165,1.0602,0.00864,0.00058,0.0000,0.6974,0.01074,0
150,153600,1,-3.000,1033.0,2.00,5.00,-0.0020,0.1371,1.0658,0.00863,0.00037,0.0000,0.5685,0.00586,0
151,154624,1,-3.000,504.0,2.00,5.00,-0.0008,0.1702,1.0586,0.00862,0.00016,0.0000,0.7264,0.01172,0
152,155648,1,4.000,712.0,5.00,1.00,-0.0007,0.1529,1.0658,0.00861,0.00016,0.0000,0.4977,0.00488,0
153,156672,1,-2.000,1613.0,3.00,5.00,-0.0024,0.0913,1.0666,0.00860,0.00033,0.0000,0.5852,0.00586,0
154,157696,1,4.000,719.0,5.00,1.00,-0.0018,0.1807,1.0578,0.00859,0.00052,0.0000,0.6162,0.00879,0
155,158720,2,0.000,595.5,3.00,3.00,-0.0020,0.0720,1.0621,0.00858,0.00041,0.0000,0.8410,0.00879,0
156,159744,0,nan,nan,nan,nan,-0.0022,0.1454,1.0659,0.00857,0.00054,0.0000,0.4703,0.00586,0
157,160768,2,-2.500,1077.0,2.50,5.00,-0.0012,0.1056,1.0540,0.00856,0.00033,0.0000,0.6046,0.00879,0
158,161792,1,-3.000,1148.0,2.00,5.00,-0.0024,0.0780,1.0661,0.00855,0.00049,0.0000,0.6346,0.00586,0
159,162816,1,-4.000,521.0,1.00,5.00,-0.0018,0.0950,1.0561,0.00854,0.00036,0.0000,0.7465,0.01074,0
160,163840,2,1.500,864.5,4.50,3.00,-0.0009,0.1694,1.0578,0.00853,0.00019,0.0000,0.6088,0.00879,0
161,164864,0,nan,nan,nan,nan,-0.0007,0.0858,1.0705,0.00852,0.00011,0.0000,0.5779,0.00488,0
162,165888,1,-4.000,1079.0,1.00,5.00,-0.0030,0.1091,1.0683,0.00852,0.00066,0.0000,0.4605,0.00586,0
163,166912,1,-3.000,1983.0,2.00,5.00,-0.0019,0.0672,1.0716,0.00851,0.00045,0.0000,0.2051,0.00195,0
164,167936,1,-3.000,858.0,2.00,5.00,-0.0007,0.1245,1.0613,0.00850,0.00020,0.0000,0.6757,0.00977,0
165,168960,1,3.000,724.0,5.00,2.00,-0.0027,0.1392,1.0547,0.00849,0.00049,0.0000,0.4205,0.00586,0
166,169984,1,-3.000,987.0,2.00,5.00,-0.0015,0.1043,1.0602,0.00848,0.00027,0.0000,0.6993,0.00684,0
167,171008,0,nan,nan,nan,nan,-0.0013,0.0788,1.0636,0.00847,0.00027,0.0000,0.4079,0.00488,0
168,172032,1,0.000,2000.0,4.00,4.00,-0.0014,0.1004,1.0579,0.00846,0.00025,0.0000,0.5488,0.00488,1
169,173056,1,-2.000,1207.0,3.00,5.00,-0.0026,0.0741,1.0549,0.00845,0.00041,0.0000,0.6299,0.00586,0
170,174080,0,nan,nan,nan,nan,-0.0023,0.0668,1.0544,0.00844,0.00051,0.0000,0.5177,0.00391,0
171,175104,1,-2.000,1708.0,3.00,5.00,-0.0015,0.0970,1.0568,0.00843,0.00029,0.0000,0.4902,0.00391,0
172,176128,1,3.000,1570.0,5.00,2.00,-0.0011,0.1306,1.0466,0.00842,0.00022,0.0000,0.5966,0.00684,0
173,177152,0,nan,nan,nan,nan,-0.0009,0.1217,1.0491,0.00841,0.00009,0.0000,0.5759,0.00586,0
174,178176,1,1.000,1255.0,5.00,4.00,-0.0017,0.1153,1.0573,0.00840,0.00026,0.0000,0.4155,0.00488,0
175,179200,1,2.000,1977.0,5.00,3.00,-0.0022,0.0829,1.0558,0.00840,0.00036,0.0000,0.6005,0.00391,0
176,180224,0,nan,nan,nan,nan,-0.0012,0.1507,1.0592,0.00839,0.00025,0.0000,0.4557,0.00586,0
177,181248,1,1.000,1513.0,5.00,4.00,-0.0021,0.1386,1.0535,0.00838,0.00038,0.0000,0.5094,0.00586,0
178,182272,1,3.000,1104.0,5.00,2.00,-0.0023,0.1111,1.0576,0.00837,0.00057,0.0000,0.5003,0.00586,0
179,183296,1,-1.000,1331.0,4.00,5.00,-0.0014,0.1636,1.0527,0.00836,0.00032,0.0000,0.6718,0.00879,0
180,184320,1,4.000,639.0,5.00,1.00,-0.0027,0.1507,1.0592,0.00835,0.00075,0.0000,0.6561,0.00879,0
181,185344,1,-2.000,876.0,3.00,5.00,-0.0016,0.1272,1.0546,0.00834,0.00043,0.0000,0.6392,0.00684,0
182,186368,1,2.000,1561.0,5.00,3.00,-0.0011,0.0824,1.0503,0.00833,0.00023,0.0000,0.6268,0.00586,0
183,187392,0,nan,nan,nan,nan,-0.0008,0.0526,1.0429,0.00832,0.00016,0.0000,0.5268,0.00293,0
184,188416,1,-2.000,1758.0,3.00,5.00,-0.0019,0.0965,1.0527,0.00831,0.00027,0.0000,0.6660,0.00488,0
185,189440,0,nan,nan,nan,nan,-0.0035,0.1058,1.0524,0.00830,0.00067,0.0000,0.4016,0.00391,0
186,190464,1,0.000,2000.0,4.00,4.00,-0.0022,0.1057,1.0486,0.00829,0.00036,0.0000,0.3818,0.00293,1
187,191488,0,nan,nan,nan,nan,-0.0036,0.1578,1.0415,0.00828,0.00085,0.0000,0.5441,0.00684,0
188,192512,2,1.500,1238.0,5.00,3.50,-0.0004,0.1777,1.0295,0.00828,0.00039,0.0000,0.7219,0.00977,0
189,193536,1,-5.000,633.0,0.00,5.00,-0.0036,0.2321,1.0289,0.00827,0.00080,0.0000,0.5797,0.00879,0
190,194560,1,-3.000,831.0,2.00,5.00,-0.0014,0.1200,1.0361,0.00826,0.00049,0.0000,0.4859,0.00488,0
191,195584,1,-4.000,936.0,1.00,5.00,-0.0009,0.0949,1.0342,0.00825,0.00031,0.0000,0.5790,0.00488,0
192,196608,1,3.000,1398.0,5.00,2.00,-0.0013,0.1178,1.0336,0.00824,0.00013,0.0000,0.6395,0.00684,0
193,197632,1,-2.000,1209.0,3.00,5.00,-0.0014,0.1010,1.0352,0.00823,0.00024,0.0000,0.7063,0.00781,0
194,198656,0,nan,nan,nan,nan,-0.0018,0.0737,1.0371,0.00822,0.00032,0.0000,0.4644,0.00293,0
195,199680,1,2.000,1685.0,5.00,3.00,-0.0018,0.1431,1.0306,0.00821,0.00040,0.0000,0.6087,0.00684,0
196,200704,1,2.000,1146.0,5.00,3.00,-0.0027,0.0715,1.0347,0.00820,0.00065,0.0000,0.7462,0.00488,0
197,201728,0,nan,nan,nan,nan,-0.0028,0.1507,1.0239,0.00819,0.00077,0.0000,0.3826,0.00488,0
198,202752,1,-3.000,1472.0,2.00,5.00,-0.0024,0.0307,1.0422,0.00818,0.00053,0.0000,0.5860,0.00293,0
199,203776,1,-2.000,2000.0,1.00,3.00,-0.0023,0.0598,1.0378,0.00817,0.00035,0.0000,0.3644,0.00195,1
200,204800,0,nan,nan,nan,nan,-0.0017,0.0625,1.0328,0.00816,0.00036,0.0000,0.5110,0.00488,0
201,205824,1,-2.000,1417.0,3.00,5.00,-0.0023,0.0910,1.0321,0.00816,0.00051,0.0000,0.5911,0.00586,0
202,206848,0,nan,nan,nan,nan,-0.0020,0.1529,1.0323,0.00815,0.00050,0.0000,0.4673,0.00391,0
203,207872,1,0.000,2000.0,4.00,4.00,-0.0012,0.0937,1.0294,0.00814,0.00026,0.0000,0.5982,0.00586,1
204,208896,1,-1.000,1580.0,4.00,5.00,-0.0022,0.1157,1.0252,0.00813,0.00052,0.0000,0.5316,0.00391,0
205,209920,1,1.000,956.0,5.00,4.00,-0.0020,0.1286,1.0253,0.00812,0.00054,0.0000,0.6618,0.00977,0
206,210944,1,-5.000,889.0,0.00,5.00,-0.0021,0.0938,1.0259,0.00811,0.00042,0.0000,0.4210,0.00488,0
207,211968,0,nan,nan,nan,nan,-0.0026,0.1184,1.0282,0.00810,0.00046,0.0000,0.3877,0.00391,0
208,212992,1,-4.000,1439.0,1.00,5.00,-0.0038,0.1244,1.0074,0.00809,0.00096,0.0007,0.6066,0.00684,0
209,214016,1,-2.000,1128.0,3.00,5.00,-0.0011,0.1056,1.0236,0.00808,0.00050,0.0000,0.5925,0.00586,0
210,215040,1,-2.000,1276.0,3.00,5.00,-0.0012,0.1130,1.0016,0.00807,0.00028,0.0000,0.5707,0.00684,0
211,216064,1,-3.000,1589.0,2.00,5.00,-0.0020,0.0935,1.0087,0.00806,0.00046,0.0000,0.4283,0.00391,0
212,217088,0,nan,nan,nan,nan,-0.0018,0.1154,1.0185,0.00805,0.00054,0.0000,0.5096,0.00488,0
213,218112,2,-0.500,935.0,3.50,4.00,-0.0015,0.1552,0.9909,0.00805,0.00033,0.0000,0.6762,0.01074,0
214,219136,0,nan,nan,nan,nan,-0.0019,0.1361,1.0117,0.00804,0.00057,0.0000,0.4526,0.00488,0
215,220160,1,-2.000,1676.0,3.00,5.00,-0.0020,0.1222,1.0132,0.00803,0.00055,0.0000,0.6425,0.00684,0
216,221184,1,-3.000,812.0,2.00,5.00,-0.0014,0.0999,1.0217,0.00802,0.00034,0.0000,0.4185,0.00586,0
217,222208,1,-5.000,871.0,0.00,5.00,-0.0015,0.0942,1.0328,0.00801,0.00036,0.0000,0.5903,0.00586,0
218,223232,1,-1.000,1551.0,4.00,5.00,-0.0020,0.0718,1.0222,0.00800,0.00044,0.0000,0.6297,0.00684,0
219,224256,1,-2.000,856.0,3.00,5.00,-0.0023,0.1123,1.0229,0.00799,0.00057,0.0000,0.6722,0.00879,0
220,225280,2,0.500,777.0,4.00,3.50,-0.0011,0.1504,1.0147,0.00798,0.00037,0.0000,0.7725,0.01172,0
221,226304,0,nan,nan,nan,nan,-0.0028,0.1169,1.0352,0.00797,0.00074,0.0054,0.4957,0.00391,0
222,227328,2,-4.000,958.5,1.00,5.00,-0.0012,0.0737,1.0259,0.00796,0.00022,0.0000,0.7434,0.00879,0
223,228352,0,nan,nan,nan,nan,-0.0021,0.0801,1.0395,0.00795,0.00027,0.0000,0.6041,0.00488,0
224,229376,1,1.000,1317.0,5.00,4.00,-0.0013,0.1093,1.0344,0.00794,0.00028,0.0000,0.6553,0.00781,0
225,230400,1,1.000,1672.0,5.00,4.00,-0.0010,0.0862,1.0397,0.00793,0.00018,0.0000,0.3812,0.00293,0
226,231424,1,3.000,966.0,5.00,2.00,-0.0009,0.0952,1.0329,0.00793,0.00016,0.0000,0.6190,0.00879,0
227,232448,0,nan,nan,nan,nan,-0.0013,0.1302,1.0383,0.00792,0.00022,0.0000,0.5735,0.00586,0
228,233472,1,-1.000,1412.0,4.00,5.00,-0.0023,0.0804,1.0353,0.00791,0.00052,0.0000,0.6060,0.00586,0
229,234496,1,-3.000,1232.0,2.00,5.00,-0.0020,0.0855,1.0306,0.00790,0.00052,0.0000,0.5193,0.00586,0
230,235520,0,nan,nan,nan,nan,-0.0015,0.0830,1.0375,0.00789,0.00031,0.0000,0.4498,0.00293,0
231,236544,1,-1.000,2000.0,3.00,4.00,-0.0022,0.0874,1.0234,0.00788,0.00032,0.0000,0.5055,0.00488,1
232,237568,1,-1.000,1167.0,4.00,5.00,-0.0015,0.1070,1.0278,0.00787,0.00025,0.0000,0.6346,0.00781,0
233,238592,1,-5.000,716.0,0.00,5.00,-0.0023,0.0909,1.0328,0.00786,0.00054,0.0000,0.6130,0.00684,0
234,239616,1,0.000,2000.0,4.00,4.00,-0.0019,0.0650,1.0440,0.00785,0.00041,0.0000,0.5409,0.00195,1
235,240640,0,nan,nan,nan,nan,-0.0011,0.0875,1.0379,0.00784,0.00019,0.0000,0.4077,0.00391,0
236,241664,1,4.000,1292.0,5.00,1.00,-0.0019,0.0932,1.0366,0.00783,0.00030,0.0000,0.3378,0.00293,0
237,242688,1,-4.000,1597.0,1.00,5.00,-0.0017,0.0536,1.0409,0.00782,0.00029,0.0000,0.6699,0.00586,0
238,243712,2,0.500,534.5,3.00,2.50,-0.0007,0.1500,1.0350,0.00781,0.00010,0.0000,0.7485,0.00977,0
239,244736,0,nan,nan,nan,nan,-0.0015,0.1062,1.0469,0.00781,0.00022,0.0000,0.5981,0.00391,0
240,245760,1,-1.000,1770.0,4.00,5.00,-0.0014,0.1446,1.0351,0.00780,0.00032,0.0000,0.7226,0.00879,0
241,246784,0,nan,nan,nan,nan,-0.0020,0.0739,1.0481,0.00779,0.00035,0.0000,0.1788,0.00195,0
242,247808,1,-1.000,1888.0,4.00,5.00,-0.0015,0.0782,1.0405,0.00778,0.00023,0.0000,0.7076,0.00586,0
243,248832,1,-1.000,1024.0,4.00,5.00,-0.0026,0.1486,1.0391,0.00777,0.00079,0.0000,0.6671,0.00879,0
244,249856,1,-4.000,1299.0,1.00,5.00,-0.0029,0.1095,1.0479,0.00776,0.00070,0.0000,0.5707,0.00488,0
245,250880,0,nan,nan,nan,nan,-0.0024,0.0817,1.0365,0.00775,0.00055,0.0000,0.5470,0.00391,0
246,251904,1,-2.000,1561.0,3.00,5.00,-0.0017,0.1497,1.0358,0.00774,0.00044,0.0000,0.5588,0.00488,0
247,252928,1,5.000,1136.0,5.00,0.00,-0.0026,0.1048,1.0482,0.00773,0.00049,0.0000,0.6598,0.00488,0
248,253952,1,-3.000,1030.0,2.00,5.00,-0.0037,0.0961,1.0239,0.00772,0.00126,0.0000,0.5791,0.00684,0
249,254976,1,-3.000,1354.0,2.00,5.00,-0.0019,0.0523,1.0404,0.00771,0.00074,0.0000,0.5392,0.00488,0
250,256000,1,-5.000,994.0,0.00,5.00,-0.0033,0.1158,1.0497,0.00770,0.00132,0.0022,0.5157,0.00684,0
251,257024,0,nan,nan,nan,nan,-0.0018,0.0857,1.0239,0.00769,0.00071,0.0002,0.4684,0.00391,0
252,258048,1,1.000,1820.0,5.00,4.00,-0.0016,0.1160,1.0179,0.00769,0.00043,0.0000,0.5417,0.00781,0
253,259072,2,3.000,798.5,5.00,2.00,-0.0013,0.1518,1.0102,0.00768,0.00052,0.0000,0.6429,0.00781,0
254,260096,0,nan,nan,nan,nan,-0.0027,0.0938,1.0098,0.00767,0.00053,0.0000,0.3681,0.00293,0
255,261120,1,-3.000,1933.0,2.00,5.00,-0.0037,0.0929,1.0113,0.00766,0.00071,0.0000,0.5894,0.00586,0
256,262144,0,nan,nan,nan,nan,-0.0024,0.0524,1.0312,0.00765,0.00055,0.0000,0.4628,0.00293,0
257,263168,1,-4.000,1342.0,1.00,5.00,-0.0022,0.0717,1.0226,0.00764,0.00057,0.0000,0.5711,0.00391,0
258,264192,1,3.000,1199.0,5.00,2.00,-0.0017,0.1472,1.0148,0.00763,0.00059,0.0000,0.6460,0.00781,0
259,265216,1,-3.000,1252.0,2.00,5.00,-0.0019,0.0924,1.0169,0.00762,0.00043,0.0000,0.6722,0.00586,0
260,266240,1,-3.000,1201.0,2.00,5.00,-0.0030,0.1207,1.0009,0.00761,0.00078,0.0000,0.4191,0.00586,0
261,267264,0,nan,nan,nan,nan,-0.0036,0.0747,1.0068,0.00760,0.00108,0.0000,0.1553,0.00195,0
262,268288,2,-4.500,1004.5,0.50,5.00,-0.0029,0.0749,0.9912,0.00759,0.00110,0.0000,0.6343,0.00684,0
263,269312,0,nan,nan,nan,nan,-0.0020,0.0820,0.9858,0.00758,0.00074,0.0000,0.5558,0.00488,0
264,270336,2,0.000,971.0,3.00,3.00,-0.0007,0.1756,1.0224,0.00757,0.00021,0.0000,0.6881,0.00977,0
265,271360,1,-4.000,1072.0,1.00,5.00,-0.0033,0.1391,1.0092,0.00757,0.00092,0.0000,0.3057,0.00488,0
266,272384,0,nan,nan,nan,nan,-0.0017,0.1328,1.0110,0.00756,0.00046,0.0000,0.3306,0.00293,0
267,273408,1,2.000,1911.0,5.00,3.00,-0.0024,0.1340,1.0172,0.00755,0.00056,0.0000,0.3214,0.00488,0
268,274432,1,-4.000,1315.0,1.00,5.00,-0.0012,0.1317,1.0074,0.00754,0.00033,0.0000,0.5215,0.00586,0
269,275456,1,-3.000,1089.0,2.00,5.00,-0.0021,0.1141,1.0079,0.00753,0.00053,0.0000,0.5621,0.00488,0
270,276480,0,nan,nan,nan,nan,-0.0016,0.0950,0.9907,0.00752,0.00032,0.0000,0.4025,0.00391,0
271,277504,1,-5.000,1203.0,0.00,5.00,-0.0019,0.1278,0.9834,0.00751,0.00056,0.0000,0.4675,0.00586,0
272,278528,1,-4.000,1055.0,1.00,5.00,-0.0016,0.0739,1.0026,0.00750,0.00034,0.0000,0.2822,0.00293,0
273,279552,1,-3.000,1874.0,2.00,5.00,-0.0017,0.0848,0.9978,0.00749,0.00049,0.0000,0.6125,0.00586,0
274,280576,0,nan,nan,nan,nan,-0.0030,0.0867,1.0009,0.00748,0.00091,0.0073,0.5199,0.00391,0
275,281600,1,1.000,1572.0,5.00,4.00,-0.0014,0.1332,1.0183,0.00747,0.00062,0.0000,0.4915,0.00781,0
276,282624,1,-2.000,1324.0,3.00,5.00,-0.0031,0.0836,0.9979,0.00746,0.00084,0.0000,0.5395,0.00488,0
277,283648,1,-5.000,770.0,0.00,5.00,-0.0040,0.0875,1.0247,0.00745,0.00147,0.0010,0.4172,0.00391,0
278,284672,0,nan,nan,nan,nan,-0.0026,0.0996,0.9912,0.00745,0.00065,0.0000,0.4861,0.00586,0
279,285696,1,-1.000,2000.0,3.00,4.00,-0.0020,0.0761,1.0283,0.00744,0.00051,0.0000,0.6574,0.00488,1
280,286720,0,nan,nan,nan,nan,-0.0040,0.1035,1.0169,0.00743,0.00106,0.0000,0.4066,0.00391,0
281,287744,1,-1.000,1840.0,4.00,5.00,-0.0021,0.0737,1.0241,0.00742,0.00072,0.0000,0.5481,0.00391,0
282,288768,0,nan,nan,nan,nan,-0.0029,0.0805,1.0112,0.00741,0.00094,0.0098,0.3888,0.00391,0
283,289792,2,-2.500,1369.5,2.50,5.00,-0.0018,0.0907,1.0067,0.00740,0.00092,0.0000,0.6621,0.00879,0
284,290816,0,nan,nan,nan,nan,-0.0021,0.0976,1.0319,0.00739,0.00059,0.0000,0.5388,0.00488,0
285,291840,1,-1.000,1768.0,4.00,5.00,-0.0027,0.0630,1.0220,0.00738,0.00080,0.0000,0.6089,0.00391,0
286,292864,0,nan,nan,nan,nan,-0.0021,0.0782,1.0295,0.00737,0.00061,0.0000,0.3018,0.00391,0
287,293888,2,-4.000,1110.5,1.00,5.00,-0.0016,0.0516,0.9926,0.00736,0.00066,0.0000,0.7076,0.00684,0
288,294912,0,nan,nan,nan,nan,-0.0014,0.1228,1.0188,0.00735,0.00028,0.0000,0.6547,0.00684,0
289,295936,1,-2.000,1260.0,3.00,5.00,-0.0047,0.0764,1.0143,0.00734,0.00157,0.0007,0.3706,0.00293,0
290,296960,1,-1.000,2000.0,2.00,3.00,-0.0043,0.0926,1.0077,0.00734,0.00134,0.0000,0.2413,0.00293,1
291,297984,0,nan,nan,nan,nan,-0.0021,0.0682,1.0122,0.00733,0.00087,0.0000,0.3329,0.00293,0
292,299008,1,2.000,1877.0,5.00,3.00,-0.0026,0.0936,0.9938,0.00732,0.00077,0.0000,0.6225,0.00586,0
293,300032,1,-4.000,1227.0,1.00,5.00,-0.0021,0.1019,0.9836,0.00731,0.00072,0.0000,0.4526,0.00488,0
294,301056,1,-4.000,545.0,1.00,5.00,-0.0021,0.0900,0.9750,0.00730,0.00050,0.0000,0.6765,0.00879,0
295,302080,1,-3.000,1284.0,2.00,5.00,-0.0019,0.0585,1.0129,0.00729,0.00093,0.0012,0.5222,0.00391,0
296,303104,0,nan,nan,nan,nan,-0.0035,0.0544,1.0129,0.00728,0.00081,0.0000,0.4523,0.00195,0
297,304128,1,0.000,2000.0,2.00,2.00,-0.0011,0.0931,1.0114,0.00727,0.00029,0.0000,0.4179,0.00391,1
298,305152,1,-3.000,846.0,2.00,5.00,-0.0024,0.1116,1.0293,0.00726,0.00050,0.0000,0.6020,0.00684,0
299,306176,0,nan,nan,nan,nan,-0.0025,0.0883,1.0254,0.00725,0.00059,0.0000,0.5570,0.00488,0
300,307200,1,-1.000,1794.0,4.00,5.00,-0.0009,0.0793,1.0124,0.00724,0.00025,0.0000,0.6421,0.00488,0
301,308224,1,-5.000,979.0,0.00,5.00,-0.0026,0.0881,1.0147,0.00723,0.00062,0.0000,0.5220,0.00488,0
302,309248,1,-4.000,1193.0,1.00,5.00,-0.0023,0.0980,1.0040,0.00722,0.00061,0.0012,0.3439,0.00293,0
303,310272,0,nan,nan,nan,nan,-0.0019,0.0728,1.0213,0.00722,0.00046,0.0000,0.6542,0.00586,0
304,311296,1,0.000,2000.0,4.00,4.00,-0.0022,0.1150,1.0004,0.00721,0.00034,0.0000,0.6121,0.00684,1
305,312320,2,-4.500,597.5,0.50,5.00,-0.0032,0.1831,1.0075,0.00720,0.00102,0.0007,0.3415,0.00586,0
306,313344,0,nan,nan,nan,nan,-0.0029,0.1477,1.0209,0.00719,0.00109,0.0010,0.6139,0.00684,0
307,314368,1,-1.000,1962.0,4.00,5.00,-0.0015,0.0645,1.0247,0.00718,0.00062,0.0000,0.6634,0.00391,0
308,315392,1,-4.000,1348.0,1.00,5.00,-0.0022,0.0390,1.0187,0.00717,0.00039,0.0000,0.6136,0.00391,0
309,316416,0,nan,nan,nan,nan,-0.0013,0.1090,1.0107,0.00716,0.00021,0.0000,0.4906,0.00488,0
310,317440,1,-3.000,1750.0,2.00,5.00,-0.0014,0.0392,1.0205,0.00715,0.00029,0.0000,0.4121,0.00195,0
311,318464,0,nan,nan,nan,nan,-0.0019,0.0532,1.0222,0.00714,0.00039,0.0000,0.5755,0.00391,0
312,319488,1,-1.000,2000.0,2.00,3.00,-0.0019,0.0797,1.0103,0.00713,0.00036,0.0000,0.6267,0.00488,1
313,320512,1,-2.000,1306.0,3.00,5.00,-0.0033,0.1166,1.0044,0.00712,0.00082,0.0000,0.4646,0.00488,0
314,321536,0,nan,nan,nan,nan,-0.0014,0.0555,1.0077,0.00711,0.00041,0.0000,0.6048,0.00293,0
315,322560,1,-4.000,1537.0,1.00,5.00,-0.0025,0.0767,1.0123,0.00710,0.00060,0.0000,0.5578,0.00488,0
316,323584,1,-3.000,1284.0,2.00,5.00,-0.0028,0.0544,1.0098,0.00710,0.00076,0.0000,0.7210,0.00781,0
317,324608,1,-5.000,820.0,0.00,5.00,-0.0041,0.0648,1.0171,0.00709,0.00157,0.0071,0.5527,0.00391,0
318,325632,0,nan,nan,nan,nan,-0.0015,0.1234,1.0279,0.00708,0.00047,0.0000,0.5494,0.00391,0
319,326656,1,-2.000,1868.0,3.00,5.00,-0.0017,0.0712,1.0108,0.00707,0.00035,0.0000,0.4825,0.00293,0
320,327680,1,-4.000,1647.0,1.00,5.00,-0.0018,0.0500,1.0227,0.00706,0.00042,0.0000,0.5266,0.00488,0
321,328704,0,nan,nan,nan,nan,-0.0028,0.0688,1.0156,0.00705,0.00080,0.0000,0.6385,0.00391,0
322,329728,1,-4.000,1487.0,1.00,5.00,-0.0025,0.1388,1.0041,0.00704,0.00111,0.0000,0.4526,0.00488,0
323,330752,1,-3.000,1534.0,2.00,5.00,-0.0019,0.0712,1.0094,0.00703,0.00040,0.0000,0.4239,0.00293,0
324,331776,0,nan,nan,nan,nan,-0.0028,0.1243,0.9890,0.00702,0.00071,0.0000,0.6981,0.00586,0
325,332800,1,-2.000,1711.0,3.00,5.00,-0.0031,0.1010,0.9975,0.00701,0.00057,0.0000,0.6279,0.00391,0
326,333824,0,nan,nan,nan,nan,-0.0027,0.0780,1.0053,0.00700,0.00070,0.0000,0.7469,0.00488,0
327,334848,1,-2.000,1842.0,3.00,5.00,-0.0012,0.1251,1.0145,0.00699,0.00036,0.0000,0.4896,0.00586,0
328,335872,2,4.000,925.5,5.00,1.00,-0.0017,0.1377,1.0128,0.00698,0.00041,0.0000,0.4830,0.00684,0
329,336896,0,nan,nan,nan,nan,-0.0019,0.0599,1.0078,0.00698,0.00049,0.0000,0.6936,0.00391,0
330,337920,1,-1.000,2000.0,3.00,4.00,-0.0027,0.0868,1.0063,0.00697,0.00054,0.0000,0.5034,0.00391,1
331,338944,0,nan,nan,nan,nan,-0.0030,0.0719,1.0158,0.00696,0.00080,0.0017,0.5104,0.00488,0
332,339968,2,-3.000,1060.0,2.00,5.00,-0.0018,0.0668,1.0003,0.00695,0.00072,0.0000,0.6720,0.00781,0
333,340992,1,-5.000,667.0,0.00,5.00,-0.0022,0.1021,1.0234,0.00694,0.00041,0.0000,0.5469,0.00781,0
334,342016,1,-3.000,1060.0,2.00,5.00,-0.0019,0.0673,1.0152,0.00693,0.00075,0.0000,0.6024,0.00488,0
335,343040,0,nan,nan,nan,nan,-0.0027,0.0887,1.0255,0.00692,0.00083,0.0007,0.5079,0.00293,0
336,344064,1,-2.000,2000.0,2.00,4.00,-0.0016,0.0477,1.0382,0.00691,0.00025,0.0000,0.6085,0.00293,1
337,345088,0,nan,nan,nan,nan,-0.0022,0.0742,1.0426,0.00690,0.00036,0.0000,0.3917,0.00391,0
338,346112,2,-3.500,1220.5,1.50,5.00,-0.0022,0.0951,1.0405,0.00689,0.00049,0.0000,0.6544,0.00781,0
339,347136,0,nan,nan,nan,nan,-0.0016,0.0524,1.0401,0.00688,0.00039,0.0000,0.3807,0.00293,0
340,348160,1,-2.000,2000.0,2.00,4.00,-0.0014,0.0659,1.0500,0.00687,0.00032,0.0000,0.5500,0.00293,1
341,349184,1,-3.000,945.0,2.00,5.00,-0.0024,0.0443,1.0405,0.00686,0.00048,0.0000,0.7414,0.00781,0
342,350208,0,nan,nan,nan,nan,-0.0018,0.0793,1.0434,0.00686,0.00042,0.0000,0.3623,0.00391,0
343,351232,1,-3.000,1686.0,2.00,5.00,-0.0017,0.0569,1.0392,0.00685,0.00026,0.0000,0.4325,0.00293,0
344,352256,0,nan,nan,nan,nan,-0.0023,0.1289,1.0561,0.00684,0.00051,0.0000,0.6173,0.00586,0
345,353280,1,-2.000,1922.0,3.00,5.00,-0.0016,0.1060,1.0527,0.00683,0.00034,0.0000,0.4439,0.00391,0
346,354304,1,-3.000,1379.0,2.00,5.00,-0.0011,0.1233,1.0448,0.00682,0.00018,0.0000,0.5418,0.00488,0
347,355328,0,nan,nan,nan,nan,-0.0016,0.0701,1.0526,0.00681,0.00030,0.0000,0.4651,0.00293,0
348,356352,1,-1.000,2000.0,2.00,3.00,-0.0016,0.0485,1.0527,0.00680,0.00028,0.0000,0.4564,0.00391,1
349,357376,1,-4.000,795.0,1.00,5.00,-0.0021,0.0973,1.0344,0.00679,0.00046,0.0000,0.5001,0.00391,0
350,358400,0,nan,nan,nan,nan,-0.0015,0.0787,1.0506,0.00678,0.00033,0.0000,0.2254,0.00195,0
351,359424,1,-3.000,2000.0,1.00,4.00,-0.0028,0.1087,1.0469,0.00677,0.00063,0.0000,0.3801,0.00488,1
352,360448,1,-4.000,1138.0,1.00,5.00,-0.0023,0.0800,1.0537,0.00676,0.00066,0.0000,0.5000,0.00488,0
353,361472,0,nan,nan,nan,nan,-0.0038,0.0490,1.0596,0.00675,0.00106,0.0002,0.3813,0.00195,0
354,362496,1,-2.000,2000.0,1.00,3.00,-0.0023,0.0532,1.0568,0.00674,0.00057,0.0000,0.4265,0.00293,1
355,363520,1,-3.000,1515.0,2.00,5.00,-0.0023,0.0597,1.0547,0.00674,0.00060,0.0000,0.5387,0.00391,0
356,364544,0,nan,nan,nan,nan,-0.0030,0.0643,1.0496,0.00673,0.00074,0.0000,-0.3308,0.00098,0
357,365568,1,-2.000,2000.0,2.00,4.00,-0.0016,0.1006,1.0546,0.00672,0.00044,0.0000,0.5636,0.00488,1
358,366592,0,nan,nan,nan,nan,-0.0018,0.0656,1.0485,0.00671,0.00042,0.0000,0.3408,0.00293,0
359,367616,1,-2.000,2000.0,2.00,4.00,-0.0018,0.0508,1.0506,0.00670,0.00041,0.0000,0.6148,0.00391,1
360,368640,0,nan,nan,nan,nan,-0.0021,0.0598,1.0503,0.00669,0.00033,0.0000,0.3405,0.00293,0
361,369664,1,-3.000,1637.0,2.00,5.00,-0.0027,0.0478,1.0541,0.00668,0.00070,0.0000,0.5631,0.00488,0
362,370688,1,-5.000,1033.0,0.00,5.00,-0.0018,0.0601,1.0426,0.00667,0.00038,0.0000,0.5898,0.00391,0
363,371712,0,nan,nan,nan,nan,-0.0034,0.0327,1.0193,0.00666,0.00092,0.0000,-2.8176,0.00000,0
364,372736,1,2.000,2000.0,3.00,1.00,-0.0023,0.0926,1.0446,0.00665,0.00062,0.0000,0.4414,0.00488,1
365,373760,1,-4.000,1180.0,1.00,5.00,-0.0017,0.0913,1.0375,0.00664,0.00044,0.0000,0.6579,0.00781,0
366,374784,1,-3.000,760.0,2.00,5.00,-0.0036,0.1064,1.0391,0.00663,0.00064,0.0000,0.5557,0.00586,0
367,375808,0,nan,nan,nan,nan,-0.0024,0.1166,1.0526,0.00662,0.00049,0.0000,0.4708,0.00488,0
368,376832,2,-2.500,1224.0,2.50,5.00,-0.0031,0.1040,1.0276,0.00662,0.00089,0.0000,0.5682,0.00977,0
369,377856,1,-4.000,778.0,1.00,5.00,-0.0030,0.1109,1.0309,0.00661,0.00101,0.0000,0.6569,0.00684,0
370,378880,1,-2.000,912.0,3.00,5.00,-0.0016,0.1294,1.0267,0.00660,0.00041,0.0000,0.6569,0.00781,0
371,379904,1,3.000,1244.0,5.00,2.00,-0.0015,0.1796,1.0398,0.00659,0.00045,0.0000,0.4943,0.00586,0
372,380928,1,-4.000,890.0,1.00,5.00,-0.0015,0.0821,1.0416,0.00658,0.00052,0.0000,0.3480,0.00391,0
373,381952,1,-4.000,1137.0,1.00,5.00,-0.0026,0.0984,1.0379,0.00657,0.00045,0.0000,0.5772,0.00488,0
374,382976,0,nan,nan,nan,nan,-0.0038,0.1559,1.0346,0.00656,0.00118,0.0000,0.5472,0.00488,0
375,384000,1,-3.000,1560.0,2.00,5.00,-0.0006,0.1192,1.0543,0.00655,0.00026,0.0000,0.5751,0.00684,0
376,385024,0,nan,nan,nan,nan,-0.0027,0.0742,1.0387,0.00654,0.00056,0.0000,0.5137,0.00293,0
377,386048,2,-1.500,1383.0,3.00,4.50,-0.0030,0.0727,1.0337,0.00653,0.00100,0.0022,0.6031,0.00684,1
378,387072,0,nan,nan,nan,nan,-0.0011,0.0547,1.0329,0.00652,0.00036,0.0000,0.6675,0.00391,0
379,388096,2,-4.000,1135.5,1.00,5.00,-0.0018,0.0928,1.0166,0.00651,0.00040,0.0000,0.5255,0.00781,0
380,389120,0,nan,nan,nan,nan,-0.0022,0.0725,1.0311,0.00651,0.00042,0.0000,0.4201,0.00391,0
381,390144,1,-2.000,1839.0,3.00,5.00,-0.0025,0.0812,1.0362,0.00650,0.00050,0.0000,0.5208,0.00488,0
382,391168,0,nan,nan,nan,nan,-0.0016,0.1219,1.0280,0.00649,0.00052,0.0000,0.5584,0.00586,0
383,392192,1,-2.000,1302.0,3.00,5.00,-0.0020,0.0995,1.0195,0.00648,0.00042,0.0000,0.5536,0.00586,0
384,393216,1,-4.000,988.0,1.00,5.00,-0.0017,0.1190,1.0395,0.00647,0.00031,0.0000,0.2102,0.00391,0
385,394240,1,1.000,1927.0,5.00,4.00,-0.0018,0.0883,1.0192,0.00646,0.00043,0.0000,0.6324,0.00684,0
386,395264,1,-4.000,771.0,1.00,5.00,-0.0017,0.0964,1.0075,0.00645,0.00038,0.0000,0.5744,0.00684,0
387,396288,1,-5.000,809.0,0.00,5.00,-0.0023,0.0589,1.0229,0.00644,0.00064,0.0000,0.5367,0.00586,0
388,397312,1,-3.000,889.0,2.00,5.00,-0.0025,0.0643,1.0243,0.00643,0.00091,0.0000,0.6791,0.00586,0
389,398336,1,-4.000,1573.0,1.00,5.00,-0.0018,0.0578,1.0117,0.00642,0.00051,0.0000,0.6332,0.00391,0
390,399360,0,nan,nan,nan,nan,-0.0021,0.0531,1.0220,0.00641,0.00059,0.0000,0.4876,0.00293,0
391,400384,1,1.000,2000.0,4.00,3.00,-0.0036,0.1081,1.0173,0.00640,0.00108,0.0022,0.2508,0.00391,1
392,401408,0,nan,nan,nan,nan,-0.0015,0.0666,1.0044,0.00639,0.00083,0.0000,0.6439,0.00391,0
393,402432,1,-5.000,1737.0,0.00,5.00,-0.0023,0.0379,1.0175,0.00639,0.00084,0.0049,0.5931,0.00293,0
394,403456,1,-4.000,1227.0,1.00,5.00,-0.0015,0.0787,1.0136,0.00638,0.00075,0.0000,0.5006,0.00488,0
395,404480,0,nan,nan,nan,nan,-0.0011,0.0609,1.0294,0.00637,0.00021,0.0000,0.2732,0.00195,0
396,405504,1,-2.000,2000.0,2.00,4.00,-0.0027,0.0887,1.0206,0.00636,0.00043,0.0000,0.1844,0.00293,1
397,406528,1,-4.000,999.0,1.00,5.00,-0.0018,0.0540,0.9926,0.00635,0.00089,0.0000,0.7096,0.00684,0
398,407552,0,nan,nan,nan,nan,-0.0040,0.1322,1.0127,0.00634,0.00148,0.0095,0.5144,0.00488,0
399,408576,1,-3.000,1668.0,2.00,5.00,-0.0037,0.0756,0.9946,0.00633,0.00122,0.0081,0.6273,0.00684,0
400,409600,1,1.000,1498.0,5.00,4.00,-0.0033,0.1103,0.9996,0.00632,0.00118,0.0005,0.4031,0.00391,0
401,410624,1,-1.000,1003.0,4.00,5.00,-0.0040,0.1184,0.9827,0.00631,0.00137,0.0022,0.6663,0.00879,0
402,411648,1,4.000,1274.0,5.00,1.00,-0.0014,0.1201,0.9947,0.00630,0.00068,0.0000,0.2767,0.00488,0
403,412672,0,nan,nan,nan,nan,-0.0025,0.0716,1.0013,0.00629,0.00055,0.0000,0.6083,0.00586,0
404,413696,1,-2.000,1364.0,3.00,5.00,-0.0035,0.1174,0.9922,0.00628,0.00098,0.0000,0.4735,0.00684,0
405,414720,1,-3.000,1059.0,2.00,5.00,-0.0032,0.1147,0.9961,0.00627,0.00124,0.0007,0.4999,0.00684,0
406,415744,1,-2.000,1248.0,3.00,5.00,-0.0020,0.0821,1.0142,0.00627,0.00075,0.0000,0.5357,0.00391,0
407,416768,1,-1.000,1137.0,4.00,5.00,-0.0013,0.1047,0.9945,0.00626,0.00034,0.0000,0.7563,0.00879,0
408,417792,1,-3.000,1379.0,2.00,5.00,-0.0014,0.1151,0.9962,0.00625,0.00055,0.0000,0.3870,0.00586,0
409,418816,1,-3.000,1007.0,2.00,5.00,-0.0024,0.0705,0.9982,0.00624,0.00047,0.0000,0.6111,0.00684,0
410,419840,0,nan,nan,nan,nan,-0.0022,0.0764,0.9978,0.00623,0.00052,0.0000,0.5849,0.00488,0
411,420864,1,-3.000,1233.0,2.00,5.00,-0.0017,0.0838,0.9906,0.00622,0.00054,0.0000,0.6166,0.00488,0
412,421888,0,nan,nan,nan,nan,-0.0037,0.0648,0.9777,0.00621,0.00138,0.0000,0.6590,0.00391,0
413,422912,1,-1.000,2000.0,3.00,4.00,-0.0046,0.0430,0.9870,0.00620,0.00141,0.0000,0.2229,0.00098,1
414,423936,0,nan,nan,nan,nan,-0.0033,0.0998,0.9917,0.00619,0.00089,0.0000,0.0391,0.00293,0
415,424960,1,-1.000,2000.0,2.00,3.00,-0.0034,0.0775,0.9722,0.00618,0.00165,0.0000,0.4167,0.00488,1
416,425984,1,-1.000,1857.0,4.00,5.00,-0.0023,0.0645,0.9748,0.00617,0.00111,0.0061,0.6770,0.00488,0
417,427008,0,nan,nan,nan,nan,-0.0020,0.0806,0.9686,0.00616,0.00048,0.0000,0.4902,0.00391,0
418,428032,1,-4.000,1499.0,1.00,5.00,-0.0031,0.1490,0.9648,0.00615,0.00091,0.0000,0.5536,0.00586,0
419,429056,0,nan,nan,nan,nan,-0.0020,0.1111,0.9674,0.00615,0.00069,0.0000,0.2907,0.00391,0
420,430080,2,-3.000,1289.5,2.00,5.00,-0.0015,0.1238,0.9654,0.00614,0.00032,0.0000,0.4404,0.00586,0
421,431104,0,nan,nan,nan,nan,-0.0031,0.0950,0.9944,0.00613,0.00163,0.0146,0.1608,0.00195,0
422,432128,1,-4.000,1828.0,1.00,5.00,-0.0038,0.0749,0.9875,0.00612,0.00115,0.0020,0.5408,0.00488,0
423,433152,0,nan,nan,nan,nan,-0.0025,0.0915,0.9783,0.00611,0.00065,0.0005,0.6015,0.00488,0
424,434176,1,-2.000,1821.0,3.00,5.00,-0.0028,0.0711,0.9897,0.00610,0.00059,0.0000,0.5997,0.00391,0
425,435200,0,nan,nan,nan,nan,-0.0027,0.0611,0.9928,0.00609,0.00057,0.0000,0.4712,0.00293,0
426,436224,1,1.000,2000.0,4.00,3.00,-0.0032,0.1381,0.9695,0.00608,0.00074,0.0002,0.4229,0.00488,1
427,437248,1,-2.000,1258.0,3.00,5.00,-0.0018,0.0861,0.9833,0.00607,0.00062,0.0000,0.5601,0.00684,0
428,438272,1,-3.000,1342.0,2.00,5.00,-0.0031,0.1311,0.9750,0.00606,0.00109,0.0012,0.5580,0.00488,0
429,439296,0,nan,nan,nan,nan,-0.0019,0.0834,0.9789,0.00605,0.00073,0.0000,0.5625,0.00293,0
430,440320,1,-3.000,1825.0,2.00,5.00,-0.0039,0.0894,0.9700,0.00604,0.00127,0.0054,0.6588,0.00684,0
431,441344,0,nan,nan,nan,nan,-0.0012,0.0581,0.9757,0.00603,0.00044,0.0000,0.1958,0.00195,0
432,442368,1,-3.000,1872.0,2.00,5.00,-0.0022,0.0608,0.9640,0.00603,0.00099,0.0093,0.3604,0.00293,0
433,443392,1,-5.000,921.0,0.00,5.00,-0.0025,0.0910,0.9463,0.00602,0.00083,0.0000,0.5051,0.00586,0
434,444416,1,-5.000,1119.0,0.00,5.00,-0.0039,0.0560,0.9774,0.00601,0.00159,0.0078,0.4199,0.00293,0
435,445440,0,nan,nan,nan,nan,-0.0020,0.1546,0.9471,0.00600,0.00072,0.0000,0.4576,0.00586,0
436,446464,1,-1.000,1908.0,4.00,5.00,-0.0019,0.0718,0.9572,0.00599,0.00045,0.0000,0.6467,0.00684,0
437,447488,1,-3.000,1427.0,2.00,5.00,-0.0024,0.0946,0.9658,0.00598,0.00074,0.0007,0.3414,0.00488,0
438,448512,0,nan,nan,nan,nan,-0.0023,0.0624,0.9883,0.00597,0.00099,0.0046,0.5175,0.00488,0
439,449536,1,-2.000,1343.0,3.00,5.00,-0.0040,0.0612,0.9718,0.00596,0.00132,0.0037,0.3432,0.00293,0
440,450560,0,nan,nan,nan,nan,-0.0032,0.0755,0.9752,0.00595,0.00124,0.0007,0.4267,0.00293,0
441,451584,1,-3.000,2000.0,1.00,4.00,-0.0027,0.0560,0.9737,0.00594,0.00083,0.0010,0.4250,0.00195,1
442,452608,0,nan,nan,nan,nan,-0.0030,0.0486,0.9693,0.00593,0.00070,0.0000,0.1532,0.00195,0
443,453632,1,0.000,2000.0,2.00,2.00,-0.0031,0.0633,0.9500,0.00592,0.00130,0.0005,0.4524,0.00293,1
444,454656,1,-1.000,2000.0,2.00,3.00,-0.0036,0.0276,0.9629,0.00591,0.00230,0.0266,0.5601,0.00195,1
445,455680,0,nan,nan,nan,nan,-0.0019,0.0474,0.9647,0.00591,0.00060,0.0000,0.4854,0.00195,0
446,456704,1,2.000,2000.0,4.00,2.00,-0.0028,0.1293,0.9399,0.00590,0.00084,0.0002,0.5055,0.00488,1
447,457728,0,nan,nan,nan,nan,-0.0028,0.0415,0.9467,0.00589,0.00171,0.0056,-1.0174,0.00000,0
448,458752,1,0.000,2000.0,1.00,1.00,-0.0045,0.0487,0.9312,0.00588,0.00249,0.0261,0.3696,0.00195,1
449,459776,1,3.000,765.0,5.00,2.00,-0.0032,0.1051,0.9310,0.00587,0.00071,0.0000,0.5767,0.00684,0
450,460800,0,nan,nan,nan,nan,-0.0025,0.0698,0.9264,0.00586,0.00136,0.0000,0.6591,0.00684,0
451,461824,1,0.000,2000.0,4.00,4.00,-0.0046,0.1070,0.8906,0.00585,0.00235,0.0107,0.3739,0.00293,1
452,462848,0,nan,nan,nan,nan,-0.0031,0.0757,0.9421,0.00584,0.00132,0.0007,0.0408,0.00195,0
453,463872,1,-2.000,1976.0,3.00,5.00,-0.0025,0.0402,0.9359,0.00583,0.00068,0.0000,0.3564,0.00293,0
454,464896,0,nan,nan,nan,nan,-0.0044,0.0167,0.9310,0.00582,0.00202,0.0073,-0.6797,0.00000,0
455,465920,1,0.000,2000.0,2.00,2.00,-0.0035,0.0567,0.9418,0.00581,0.00101,0.0000,0.4963,0.00488,1
456,466944,0,nan,nan,nan,nan,-0.0032,0.0458,0.9444,0.00580,0.00099,0.0000,0.6634,0.00488,0
457,467968,1,-2.000,1784.0,3.00,5.00,-0.0016,0.0596,0.9485,0.00580,0.00093,0.0000,0.2459,0.00293,0
458,468992,0,nan,nan,nan,nan,-0.0037,0.0608,0.9501,0.00579,0.00144,0.0085,0.4564,0.00391,0
459,470016,1,1.000,2000.0,3.00,2.00,-0.0035,0.0612,0.9712,0.00578,0.00093,0.0000,0.2304,0.00195,1
460,471040,0,nan,nan,nan,nan,-0.0032,0.1019,0.9709,0.00577,0.00078,0.0000,0.4407,0.00488,0
461,472064,1,-1.000,2000.0,3.00,4.00,-0.0037,0.0975,0.9591,0.00576,0.00120,0.0000,0.2553,0.00293,1
462,473088,0,nan,nan,nan,nan,-0.0039,0.0498,0.9637,0.00575,0.00112,0.0032,0.5110,0.00293,0
463,474112,1,2.000,2000.0,4.00,2.00,-0.0034,0.0697,0.9556,0.00574,0.00118,0.0000,0.5134,0.00293,1
464,475136,1,-3.000,1930.0,2.00,5.00,-0.0027,0.1129,0.9581,0.00573,0.00066,0.0012,0.2848,0.00391,0
465,476160,0,nan,nan,nan,nan,-0.0029,0.0656,0.9360,0.00572,0.00062,0.0000,0.5060,0.00391,0
466,477184,1,-4.000,1260.0,1.00,5.00,-0.0029,0.0689,0.9454,0.00571,0.00072,0.0000,0.5206,0.00293,0
467,478208,0,nan,nan,nan,nan,-0.0020,0.0988,0.9127,0.00570,0.00062,0.0002,0.3348,0.00391,0
468,479232,2,-1.000,1321.0,2.50,3.50,-0.0028,0.1087,0.9176,0.00569,0.00075,0.0000,0.6936,0.00684,1
469,480256,0,nan,nan,nan,nan,-0.0026,0.0728,0.9520,0.00568,0.00089,0.0005,0.4370,0.00293,0
470,481280,1,2.000,2000.0,4.00,2.00,-0.0034,0.1161,0.9390,0.00568,0.00174,0.0100,0.4538,0.00488,1
471,482304,1,4.000,1217.0,5.00,1.00,-0.0038,0.0706,0.9501,0.00567,0.00126,0.0005,0.6605,0.00488,0
472,483328,0,nan,nan,nan,nan,-0.0022,0.1077,0.9478,0.00566,0.00104,0.0027,0.5653,0.00488,0
473,484352,1,-2.000,1437.0,3.00,5.00,-0.0033,0.0673,0.9717,0.00565,0.00109,0.0042,0.3961,0.00293,0
474,485376,0,nan,nan,nan,nan,-0.0027,0.0742,0.9691,0.00564,0.00090,0.0000,0.6432,0.00488,0
475,486400,1,1.000,2000.0,4.00,3.00,-0.0034,0.0507,0.9799,0.00563,0.00119,0.0000,0.5352,0.00293,1
476,487424,0,nan,nan,nan,nan,-0.0028,0.0472,0.9514,0.00562,0.00113,0.0044,0.2693,0.00098,0
477,488448,1,-2.000,2000.0,1.00,3.00,-0.0047,0.0339,0.9436,0.00561,0.00227,0.0085,0.6163,0.00293,1
478,489472,0,nan,nan,nan,nan,-0.0034,0.0768,0.9506,0.00560,0.00139,0.0000,0.6090,0.00488,0
479,490496,1,-1.000,2000.0,3.00,4.00,-0.0023,0.0524,0.9760,0.00559,0.00093,0.0000,0.3220,0.00195,1
480,491520,0,nan,nan,nan,nan,-0.0016,0.0989,0.9609,0.00558,0.00036,0.0000,0.4447,0.00391,0
481,492544,1,2.000,2000.0,4.00,2.00,-0.0021,0.0393,0.9429,0.00557,0.00064,0.0000,-0.0667,0.00098,1
482,493568,0,nan,nan,nan,nan,-0.0030,0.0665,0.9542,0.00556,0.00087,0.0000,0.1761,0.00195,0
483,494592,1,-4.000,2000.0,0.00,4.00,-0.0028,0.0206,0.9696,0.00556,0.00077,0.0015,0.1164,0.00098,1
484,495616,0,nan,nan,nan,nan,-0.0027,0.1006,0.9811,0.00555,0.00089,0.0000,0.5162,0.00586,0
485,496640,1,-1.000,2000.0,3.00,4.00,-0.0024,0.1055,0.9594,0.00554,0.00064,0.0000,0.5882,0.00586,1
486,497664,1,4.000,1151.0,5.00,1.00,-0.0046,0.0713,0.9731,0.00553,0.00161,0.0020,0.4549,0.00391,0
487,498688,1,-2.000,1229.0,3.00,5.00,-0.0024,0.0919,0.9346,0.00552,0.00134,0.0071,0.5804,0.00586,0
488,499712,0,nan,nan,nan,nan,-0.0022,0.1135,0.9707,0.00551,0.00113,0.0010,0.4473,0.00391,0
489,500736,1,1.000,2000.0,3.00,2.00,-0.0046,0.0489,0.9464,0.00550,0.00140,0.0007,0.2666,0.00098,1
490,501760,0,nan,nan,nan,nan,-0.0021,0.0913,0.9430,0.00549,0.00123,0.0024,0.5732,0.00391,0
491,502784,1,0.000,2000.0,3.00,3.00,-0.0028,0.0240,0.9545,0.00548,0.00085,0.0000,0.6707,0.00195,1
492,503808,0,nan,nan,nan,nan,-0.0026,0.0309,0.9620,0.00547,0.00114,0.0056,0.3463,0.00098,0
493,504832,1,-1.000,2000.0,1.00,2.00,-0.0037,0.0311,0.9575,0.00546,0.00092,0.0000,0.0526,0.00098,1
494,505856,0,nan,nan,nan,nan,-0.0048,0.0321,0.9271,0.00545,0.00234,0.0129,0.3856,0.00195,0
495,506880,1,1.000,2000.0,2.00,1.00,-0.0051,0.0930,0.9615,0.00544,0.00201,0.0073,0.4364,0.00488,1
496,507904,1,-5.000,1164.0,0.00,5.00,-0.0026,0.0261,0.9821,0.00544,0.00075,0.0000,0.5128,0.00195,0
497,508928,0,nan,nan,nan,nan,-0.0015,0.0963,0.9490,0.00543,0.00060,0.0000,0.2011,0.00293,0
498,509952,1,-2.000,2000.0,1.00,3.00,-0.0042,0.0350,0.9421,0.00542,0.00116,0.0046,0.3771,0.00098,1
499,510976,0,nan,nan,nan,nan,-0.0033,0.0626,0.8974,0.00541,0.00149,0.0000,0.4457,0.00391,0
500,512000,1,3.000,2000.0,4.00,1.00,-0.0018,0.0430,0.9410,0.00540,0.00082,0.0000,0.2801,0.00195,1
501,513024,0,nan,nan,nan,nan,-0.0063,0.0497,0.9090,0.00539,0.00217,0.0225,0.3500,0.00293,0
502,514048,1,0.000,2000.0,3.00,3.00,-0.0027,0.0091,0.9785,0.00538,0.00099,0.0015,0.0532,0.00098,1
503,515072,0,nan,nan,nan,nan,-0.0029,0.0856,0.9525,0.00537,0.00090,0.0012,0.3702,0.00391,0
504,516096,1,2.000,2000.0,3.00,1.00,-0.0024,0.0892,0.9254,0.00536,0.00124,0.0061,0.4947,0.00293,1
505,517120,0,nan,nan,nan,nan,-0.0030,0.1156,0.9352,0.00535,0.00071,0.0000,0.4587,0.00391,0
506,518144,1,-2.000,1951.0,3.00,5.00,-0.0026,0.0387,0.9719,0.00534,0.00099,0.0000,0.2695,0.00195,0
507,519168,1,2.000,2000.0,2.00,0.00,-0.0074,0.0141,0.9698,0.00533,0.00217,0.0146,0.6662,0.00098,1
508,520192,0,nan,nan,nan,nan,-0.0040,0.0912,0.9454,0.00532,0.00139,0.0044,0.6013,0.00586,0
509,521216,1,2.000,2000.0,4.00,2.00,-0.0024,0.0449,0.9661,0.00532,0.00115,0.0020,0.0315,0.00098,1
510,522240,0,nan,nan,nan,nan,-0.0019,0.0146,0.9708,0.00531,0.00059,0.0002,-3.0692,0.00000,0
511,523264,1,0.000,2000.0,2.00,2.00,-0.0029,0.1155,0.9769,0.00530,0.00125,0.0000,0.5334,0.00488,1
512,524288,0,nan,nan,nan,nan,-0.0059,0.0560,0.9512,0.00529,0.00255,0.0173,0.2585,0.00195,0
513,525312,1,1.000,1968.0,5.00,4.00,-0.0036,0.0933,0.9121,0.00528,0.00177,0.0022,0.5818,0.00684,0
514,526336,0,nan,nan,nan,nan,-0.0042,0.0948,0.9426,0.00527,0.00162,0.0044,0.4263,0.00391,0
515,527360,2,-3.500,845.0,1.50,5.00,-0.0034,0.0887,0.9066,0.00526,0.00324,0.0242,0.7525,0.00977,0
516,528384,0,nan,nan,nan,nan,-0.0039,0.0732,0.9453,0.00525,0.00124,0.0098,-0.2598,0.00098,0
517,529408,1,1.000,2000.0,3.00,2.00,-0.0049,0.0816,0.9081,0.00524,0.00258,0.0171,0.1641,0.00098,1
518,530432,0,nan,nan,nan,nan,-0.0029,0.0617,0.9430,0.00523,0.00100,0.0000,0.1383,0.00293,0
519,531456,1,5.000,1944.0,5.00,0.00,-0.0041,0.1066,0.9254,0.00522,0.00185,0.0105,0.5901,0.00488,0
520,532480,1,-3.000,1568.0,2.00,5.00,-0.0030,0.0774,0.9291,0.00521,0.00136,0.0029,0.5241,0.00391,0
521,533504,1,5.000,694.0,5.00,0.00,-0.0026,0.1309,0.9111,0.00520,0.00091,0.0000,0.6132,0.00781,0
522,534528,0,nan,nan,nan,nan,-0.0030,0.0694,0.9377,0.00520,0.00109,0.0049,0.5133,0.00391,0
523,535552,1,2.000,1551.0,5.00,3.00,-0.0027,0.0969,0.9526,0.00519,0.00087,0.0010,0.1329,0.00391,0
524,536576,1,0.000,2000.0,2.00,2.00,-0.0030,0.0490,0.8812,0.00518,0.00220,0.0083,0.0308,0.00098,1
525,537600,0,nan,nan,nan,nan,-0.0029,0.0571,0.9372,0.00517,0.00114,0.0007,0.4889,0.00391,0
526,538624,1,-1.000,2000.0,2.00,3.00,-0.0033,0.0209,0.9774,0.00516,0.00133,0.0007,-0.0580,0.00098,1
527,539648,0,nan,nan,nan,nan,-0.0022,0.0752,0.9131,0.00515,0.00105,0.0002,0.5109,0.00391,0
528,540672,1,3.000,2000.0,4.00,1.00,-0.0017,0.0600,0.9513,0.00514,0.00061,0.0000,0.2397,0.00195,1
529,541696,0,nan,nan,nan,nan,-0.0029,0.0333,0.8772,0.00513,0.00185,0.0161,0.1491,0.00098,0
530,542720,1,1.000,2000.0,2.00,1.00,-0.0039,0.0506,0.9605,0.00512,0.00158,0.0073,0.3693,0.00195,1
531,543744,0,nan,nan,nan,nan,-0.0060,0.0243,0.9934,0.00511,0.00243,0.0171,0.2708,0.00098,0
532,544768,1,-3.000,2000.0,0.00,3.00,-0.0014,0.0284,0.9786,0.00510,0.00097,0.0015,0.2851,0.00098,1
533,545792,0,nan,nan,nan,nan,-0.0021,0.0479,1.0043,0.00509,0.00070,0.0000,0.2889,0.00195,0
534,546816,1,2.000,2000.0,2.00,0.00,-0.0037,0.0384,1.0028,0.00509,0.00159,0.0098,-0.1612,0.00098,1
535,547840,0,nan,nan,nan,nan,-0.0024,0.0309,1.0041,0.00508,0.00098,0.0010,0.3819,0.00195,0
536,548864,1,1.000,2000.0,3.00,2.00,-0.0030,0.0573,0.9640,0.00507,0.00082,0.0000,0.4982,0.00293,1
537,549888,0,nan,nan,nan,nan,-0.0018,0.0549,0.9847,0.00506,0.00056,0.0000,0.3276,0.00293,0
538,550912,1,0.000,2000.0,3.00,3.00,-0.0040,0.0518,0.9644,0.00505,0.00097,0.0010,0.3370,0.00195,1
539,551936,0,nan,nan,nan,nan,-0.0027,0.0548,0.9383,0.00504,0.00112,0.0000,0.3761,0.00293,0
540,552960,1,1.000,2000.0,2.00,1.00,-0.0041,0.0290,0.9148,0.00503,0.00150,0.0156,0.2387,0.00098,1
541,553984,0,nan,nan,nan,nan,-0.0022,0.0839,0.9555,0.00502,0.00071,0.0000,0.6121,0.00586,0
542,555008,1,1.000,2000.0,4.00,3.00,-0.0029,0.0265,0.9643,0.00501,0.00084,0.0000,0.3155,0.00098,1
543,556032,0,nan,nan,nan,nan,-0.0031,0.1073,0.9107,0.00500,0.00096,0.0010,0.4273,0.00391,0
544,557056,1,3.000,2000.0,4.00,1.00,-0.0050,0.0870,0.9060,0.00499,0.00225,0.0186,0.1804,0.00195,1
545,558080,0,nan,nan,nan,nan,-0.0031,0.0711,0.8972,0.00498,0.00105,0.0024,0.4164,0.00293,0
546,559104,1,0.000,2000.0,3.00,3.00,-0.0039,0.0586,0.8941,0.00497,0.00136,0.0015,0.3645,0.00293,1
547,560128,0,nan,nan,nan,nan,-0.0038,0.0802,0.8775,0.00497,0.00190,0.0051,0.1461,0.00195,0
548,561152,1,-1.000,2000.0,2.00,3.00,-0.0042,0.0313,0.9285,0.00496,0.00084,0.0015,0.2652,0.00098,1
549,562176,0,nan,nan,nan,nan,-0.0030,0.0354,0.8124,0.00495,0.00152,0.0000,0.1373,0.00098,0
550,563200,1,0.000,2000.0,1.00,1.00,-0.0034,0.0620,0.9046,0.00494,0.00136,0.0120,0.4694,0.00293,1
551,564224,1,-3.000,1579.0,2.00,5.00,-0.0028,0.0805,0.8981,0.00493,0.00086,0.0002,0.5258,0.00488,0
552,565248,0,nan,nan,nan,nan,-0.0026,0.0573,0.9211,0.00492,0.00061,0.0000,0.6136,0.00488,0
553,566272,1,-3.000,1882.0,2.00,5.00,-0.0055,0.0523,0.9609,0.00491,0.00154,0.0044,0.2015,0.00195,0
554,567296,0,nan,nan,nan,nan,-0.0038,0.0621,0.8672,0.00490,0.00200,0.0164,0.4964,0.00293,0
555,568320,1,-2.000,2000.0,1.00,3.00,-0.0027,0.0411,0.8777,0.00489,0.00104,0.0000,0.2018,0.00098,1
556,569344,0,nan,nan,nan,nan,-0.0025,0.0504,0.8851,0.00488,0.00117,0.0039,0.3729,0.00195,0
557,570368,1,0.000,2000.0,1.00,1.00,-0.0034,0.0245,0.8690,0.00487,0.00203,0.0034,0.3965,0.00098,1
558,571392,0,nan,nan,nan,nan,-0.0022,0.0859,0.9152,0.00486,0.00085,0.0000,0.4850,0.00391,0
559,572416,1,0.000,2000.0,3.00,3.00,-0.0038,0.0426,0.9371,0.00485,0.00159,0.0059,0.3244,0.00195,1
560,573440,0,nan,nan,nan,nan,-0.0031,0.0402,0.9456,0.00485,0.00193,0.0176,0.0179,0.00098,0
561,574464,1,2.000,2000.0,4.00,2.00,-0.0031,0.0905,0.9802,0.00484,0.00070,0.0002,0.2905,0.00391,1
562,575488,0,nan,nan,nan,nan,-0.0048,0.0342,0.9269,0.00483,0.00237,0.0103,-0.2537,0.00098,0
563,576512,1,0.000,2000.0,1.00,1.00,-0.0020,0.0569,0.9689,0.00482,0.00081,0.0000,0.1584,0.00195,1
564,577536,0,nan,nan,nan,nan,-0.0036,0.0584,0.9456,0.00481,0.00082,0.0005,0.2196,0.00293,0
565,578560,1,-4.000,2000.0,0.00,4.00,-0.0043,0.0524,0.9463,0.00480,0.00220,0.0261,0.4215,0.00293,1
566,579584,0,nan,nan,nan,nan,-0.0047,0.0762,0.9355,0.00479,0.00176,0.0139,0.3456,0.00293,0
567,580608,1,-1.000,2000.0,3.00,4.00,-0.0022,0.0881,0.9532,0.00478,0.00107,0.0000,0.3813,0.00391,1
568,581632,0,nan,nan,nan,nan,-0.0043,0.0756,0.9549,0.00477,0.00125,0.0032,0.4449,0.00293,0
569,582656,1,0.000,2000.0,4.00,4.00,-0.0029,0.1108,0.9485,0.00476,0.00074,0.0000,0.4393,0.00586,1
570,583680,0,nan,nan,nan,nan,-0.0019,0.0872,0.9687,0.00475,0.00050,0.0000,0.4816,0.00391,0
571,584704,1,1.000,1886.0,5.00,4.00,-0.0022,0.0613,0.9512,0.00474,0.00054,0.0000,0.3246,0.00293,0
572,585728,0,nan,nan,nan,nan,-0.0034,0.0982,0.9436,0.00473,0.00121,0.0000,0.5378,0.00391,0
573,586752,1,-1.000,2000.0,3.00,4.00,-0.0019,0.0641,0.9605,0.00473,0.00076,0.0000,0.6698,0.00488,1
574,587776,0,nan,nan,nan,nan,-0.0041,0.0844,0.9524,0.00472,0.00158,0.0100,0.3364,0.00195,0
575,588800,1,0.000,2000.0,3.00,3.00,-0.0034,0.0640,0.9457,0.00471,0.00118,0.0002,0.5797,0.00293,1
576,589824,1,4.000,1908.0,5.00,1.00,-0.0040,0.0613,0.9732,0.00470,0.00188,0.0081,0.3827,0.00293,0
577,590848,0,nan,nan,nan,nan,-0.0021,0.0199,0.9664,0.00469,0.00058,0.0000,-0.8397,0.00000,0
578,591872,1,0.000,2000.0,3.00,3.00,-0.0040,0.0448,0.9364,0.00468,0.00145,0.0056,0.6029,0.00586,1
579,592896,0,nan,nan,nan,nan,-0.0045,0.1284,0.9661,0.00467,0.00140,0.0012,0.5512,0.00488,0
580,593920,1,4.000,1170.0,5.00,1.00,-0.0029,0.1270,0.9460,0.00466,0.00109,0.0032,0.3919,0.00391,0
581,594944,1,2.000,1314.0,5.00,3.00,-0.0022,0.1076,0.9360,0.00465,0.00089,0.0000,0.5483,0.00684,0
582,595968,0,nan,nan,nan,nan,-0.0040,0.0774,0.9364,0.00464,0.00124,0.0000,0.3982,0.00293,0
583,596992,1,-1.000,2000.0,2.00,3.00,-0.0017,0.0505,0.9628,0.00463,0.00073,0.0002,0.5754,0.00293,1
584,598016,0,nan,nan,nan,nan,-0.0023,0.0974,0.9525,0.00462,0.00090,0.0000,0.6017,0.00391,0
585,599040,1,0.000,2000.0,4.00,4.00,-0.0027,0.0661,0.9627,0.00461,0.00069,0.0000,0.2772,0.00293,1
586,600064,0,nan,nan,nan,nan,-0.0031,0.0665,0.9532,0.00461,0.00104,0.0039,0.4081,0.00293,0
587,601088,1,0.000,2000.0,3.00,3.00,-0.0022,0.0525,0.9248,0.00460,0.00082,0.0000,0.4313,0.00195,1
588,602112,0,nan,nan,nan,nan,-0.0036,0.0313,0.9342,0.00459,0.00121,0.0002,0.4737,0.00195,0
589,603136,1,-1.000,2000.0,2.00,3.00,-0.0014,0.0542,0.9142,0.00458,0.00116,0.0020,0.5200,0.00391,1
590,604160,1,-5.000,1549.0,0.00,5.00,-0.0015,0.0223,0.9129,0.00457,0.00057,0.0000,0.7283,0.00293,0
591,605184,0,nan,nan,nan,nan,-0.0032,0.0618,0.9408,0.00456,0.00083,0.0005,0.2371,0.00293,0
592,606208,1,2.000,2000.0,3.00,1.00,-0.0032,0.0502,0.9367,0.00455,0.00196,0.0137,0.5011,0.00391,1
593,607232,1,3.000,1353.0,5.00,2.00,-0.0046,0.1029,0.8948,0.00454,0.00205,0.0088,0.4851,0.00391,0
594,608256,0,nan,nan,nan,nan,-0.0022,0.0580,0.9191,0.00453,0.00107,0.0000,0.7049,0.00391,0
595,609280,1,3.000,1458.0,5.00,2.00,-0.0026,0.1003,0.9421,0.00452,0.00068,0.0000,0.4296,0.00488,0
596,610304,0,nan,nan,nan,nan,-0.0034,0.0429,0.9251,0.00451,0.00092,0.0044,0.0031,0.00098,0
597,611328,1,2.000,2000.0,4.00,2.00,-0.0037,0.0617,0.9302,0.00450,0.00114,0.0042,0.5594,0.00391,1
598,612352,0,nan,nan,nan,nan,-0.0040,0.0433,0.9196,0.00449,0.00168,0.0007,0.3916,0.00195,0
599,613376,1,-5.000,1904.0,0.00,5.00,-0.0025,0.0663,0.9149,0.00449,0.00132,0.0051,0.7277,0.00586,0
600,614400,1,-5.000,997.0,0.00,5.00,-0.0033,0.1085,0.9030,0.00448,0.00120,0.0012,0.5987,0.00586,0
601,615424,1,-2.000,1582.0,3.00,5.00,-0.0031,0.0441,0.9277,0.00447,0.00071,0.0000,0.6544,0.00293,0
602,616448,0,nan,nan,nan,nan,-0.0037,0.1193,0.8932,0.00446,0.00165,0.0029,0.4658,0.00488,0
603,617472,1,2.000,1518.0,5.00,3.00,-0.0061,0.0710,0.9324,0.00445,0.00269,0.0249,0.3489,0.00293,0
604,618496,0,nan,nan,nan,nan,-0.0032,0.0649,0.9157,0.00444,0.00205,0.0156,0.2916,0.00195,0
605,619520,1,-1.000,2000.0,1.00,2.00,-0.0022,0.0654,0.9269,0.00443,0.00063,0.0000,0.5566,0.00391,1
606,620544,1,4.000,1681.0,5.00,1.00,-0.0048,0.1550,0.9116,0.00442,0.00210,0.0183,0.4458,0.00488,0
607,621568,1,-4.000,651.0,1.00,5.00,-0.0015,0.0726,0.8975,0.00441,0.00056,0.0000,0.5793,0.00391,0
608,622592,0,nan,nan,nan,nan,-0.0045,0.0934,0.9467,0.00440,0.00113,0.0002,0.5305,0.00293,0
609,623616,1,-1.000,2000.0,2.00,3.00,-0.0030,0.1124,0.9148,0.00439,0.00101,0.0022,0.4588,0.00391,1
610,624640,1,2.000,1601.0,5.00,3.00,-0.0037,0.1051,0.8928,0.00438,0.00159,0.0015,0.5508,0.00586,0
611,625664,0,nan,nan,nan,nan,-0.0037,0.0720,0.8958,0.00437,0.00122,0.0068,0.6416,0.00488,0
612,626688,1,2.000,1567.0,5.00,3.00,-0.0024,0.0868,0.8855,0.00437,0.00097,0.0000,0.4592,0.00391,0
613,627712,0,nan,nan,nan,nan,-0.0029,0.0848,0.8826,0.00436,0.00104,0.0039,0.4854,0.00391,0
614,628736,1,0.000,2000.0,4.00,4.00,-0.0054,0.0705,0.9036,0.00435,0.00151,0.0054,0.6005,0.00488,1
615,629760,0,nan,nan,nan,nan,-0.0028,0.0399,0.8917,0.00434,0.00133,0.0029,0.2183,0.00098,0
616,630784,1,-1.000,2000.0,2.00,3.00,-0.0023,0.0626,0.8931,0.00433,0.00138,0.0037,0.5861,0.00488,1
617,631808,1,4.000,1494.0,5.00,1.00,-0.0024,0.0683,0.8873,0.00432,0.00078,0.0000,0.4494,0.00293,0
618,632832,0,nan,nan,nan,nan,-0.0031,0.0725,0.9060,0.00431,0.00090,0.0032,0.4661,0.00293,0
619,633856,1,4.000,1977.0,5.00,1.00,-0.0021,0.0688,0.8509,0.00430,0.00068,0.0000,0.2045,0.00293,0
620,634880,0,nan,nan,nan,nan,-0.0018,0.0753,0.8718,0.00429,0.00058,0.0010,0.5205,0.00488,0
621,635904,1,0.000,2000.0,4.00,4.00,-0.0043,0.0763,0.8633,0.00428,0.00130,0.0002,0.5585,0.00391,1
622,636928,0,nan,nan,nan,nan,-0.0038,0.0443,0.9056,0.00427,0.00122,0.0046,-0.0217,0.00098,0
623,637952,1,0.000,2000.0,1.00,1.00,-0.0027,0.0226,0.8587,0.00426,0.00074,0.0000,-1.7934,0.00000,1
624,638976,0,nan,nan,nan,nan,-0.0019,0.0789,0.8531,0.00426,0.00081,0.0000,0.3855,0.00391,0
625,640000,1,4.000,1520.0,5.00,1.00,-0.0039,0.0744,0.8443,0.00425,0.00145,0.0059,0.1935,0.00391,0
626,641024,0,nan,nan,nan,nan,-0.0037,0.0717,0.8531,0.00424,0.00127,0.0029,0.4229,0.00293,0
627,642048,1,2.000,2000.0,4.00,2.00,-0.0013,0.0955,0.8078,0.00423,0.00057,0.0000,0.3628,0.00391,1
628,643072,1,-3.000,1380.0,2.00,5.00,-0.0022,0.1352,0.8006,0.00422,0.00089,0.0029,0.4617,0.00488,0
629,644096,0,nan,nan,nan,nan,-0.0030,0.0591,0.8310,0.00421,0.00166,0.0090,0.3712,0.00195,0
630,645120,1,4.000,2000.0,4.00,0.00,-0.0024,0.0678,0.8380,0.00420,0.00096,0.0005,0.5422,0.00391,1
631,646144,0,nan,nan,nan,nan,-0.0036,0.0568,0.8566,0.00419,0.00130,0.0029,0.5923,0.00488,0
632,647168,1,-1.000,1736.0,4.00,5.00,-0.0024,0.0565,0.8386,0.00418,0.00109,0.0000,0.6395,0.00391,0
633,648192,0,nan,nan,nan,nan,-0.0035,0.0927,0.8496,0.00417,0.00142,0.0039,0.3567,0.00293,0
634,649216,1,2.000,2000.0,4.00,2.00,-0.0057,0.0754,0.8690,0.00416,0.00190,0.0093,0.3054,0.00293,1
635,650240,0,nan,nan,nan,nan,-0.0021,0.0415,0.8564,0.00415,0.00150,0.0039,0.5356,0.00195,0
636,651264,1,3.000,2000.0,4.00,1.00,-0.0026,0.0462,0.8441,0.00414,0.00061,0.0000,0.5566,0.00293,1
637,652288,1,4.000,1543.0,5.00,1.00,-0.0032,0.0704,0.8412,0.00414,0.00134,0.0076,0.4781,0.00391,0
638,653312,0,nan,nan,nan,nan,-0.0033,0.0519,0.8442,0.00413,0.00265,0.0259,0.4565,0.00195,0
639,654336,1,-3.000,2000.0,1.00,4.00,-0.0040,0.0682,0.8362,0.00412,0.00121,0.0059,0.3935,0.00391,1
640,655360,0,nan,nan,nan,nan,-0.0025,0.0389,0.8147,0.00411,0.00081,0.0005,0.5756,0.00195,0
641,656384,1,4.000,1730.0,5.00,1.00,-0.0029,0.0580,0.8662,0.00410,0.00142,0.0022,0.7019,0.00586,0
642,657408,1,2.000,1775.0,5.00,3.00,-0.0034,0.1017,0.8243,0.00409,0.00098,0.0071,0.4837,0.00391,0
643,658432,0,nan,nan,nan,nan,-0.0017,0.0579,0.8060,0.00408,0.00075,0.0005,0.4494,0.00195,0
644,659456,1,4.000,1642.0,5.00,1.00,-0.0025,0.0470,0.8211,0.00407,0.00081,0.0000,0.5680,0.00391,0
645,660480,1,3.000,1332.0,5.00,2.00,-0.0020,0.0708,0.8312,0.00406,0.00054,0.0000,0.7313,0.00781,0
646,661504,1,-2.000,1162.0,3.00,5.00,-0.0028,0.1193,0.7906,0.00405,0.00115,0.0022,0.6009,0.00684,0
647,662528,0,nan,nan,nan,nan,-0.0010,0.1517,0.7627,0.00404,0.00059,0.0010,0.6619,0.00586,0
648,663552,1,-2.000,1672.0,3.00,5.00,-0.0033,0.1592,0.8247,0.00403,0.00126,0.0017,0.3839,0.00488,0
649,664576,0,nan,nan,nan,nan,-0.0028,0.0697,0.7832,0.00402,0.00125,0.0015,0.5298,0.00293,0
650,665600,1,2.000,1730.0,5.00,3.00,-0.0022,0.0702,0.8075,0.00402,0.00105,0.0000,0.7400,0.00684,0
651,666624,1,3.000,843.0,5.00,2.00,-0.0029,0.1071,0.7949,0.00401,0.00098,0.0056,0.3364,0.00488,0
652,667648,0,nan,nan,nan,nan,-0.0043,0.0882,0.8175,0.00400,0.00150,0.0098,0.4354,0.00293,0
653,668672,1,0.000,2000.0,3.00,3.00,-0.0023,0.0726,0.7905,0.00399,0.00103,0.0068,0.6849,0.00684,1
654,669696,1,2.000,1355.0,5.00,3.00,-0.0021,0.1203,0.7937,0.00398,0.00097,0.0105,0.4219,0.00391,0
655,670720,0,nan,nan,nan,nan,-0.0018,0.0448,0.7051,0.00397,0.00066,0.0061,0.3025,0.00195,0
656,671744,1,-2.000,2000.0,2.00,4.00,-0.0050,0.0576,0.8159,0.00396,0.00143,0.0105,0.6543,0.00391,1
657,672768,1,5.000,1507.0,5.00,0.00,-0.0023,0.0671,0.8184,0.00395,0.00122,0.0032,0.4517,0.00391,0
658,673792,0,nan,nan,nan,nan,-0.0031,0.0474,0.7255,0.00394,0.00113,0.0027,0.1611,0.00098,0
659,674816,1,5.000,1920.0,5.00,0.00,-0.0022,0.0428,0.7656,0.00393,0.00095,0.0000,0.4034,0.00293,0
660,675840,0,nan,nan,nan,nan,-0.0031,0.0450,0.7954,0.00392,0.00068,0.0012,0.1671,0.00195,0
661,676864,1,-2.000,2000.0,1.00,3.00,-0.0032,0.0736,0.7439,0.00391,0.00118,0.0068,0.3400,0.00391,1
662,677888,0,nan,nan,nan,nan,-0.0023,0.0655,0.7313,0.00390,0.00155,0.0110,0.4904,0.00195,0
663,678912,1,-3.000,2000.0,1.00,4.00,-0.0020,0.0224,0.7308,0.00390,0.00104,0.0020,-1.4011,0.00000,1
664,679936,0,nan,nan,nan,nan,-0.0036,0.0505,0.8248,0.00389,0.00108,0.0010,0.1758,0.00195,0
665,680960,1,3.000,2000.0,3.00,0.00,-0.0027,0.0607,0.7741,0.00388,0.00075,0.0005,0.1510,0.00195,1
666,681984,0,nan,nan,nan,nan,-0.0030,0.0543,0.7839,0.00387,0.00126,0.0049,0.5449,0.00488,0
667,683008,1,0.000,2000.0,4.00,4.00,-0.0026,0.0472,0.7414,0.00386,0.00092,0.0022,0.2646,0.00195,1
668,684032,0,nan,nan,nan,nan,-0.0033,0.0292,0.6671,0.00385,0.00258,0.0322,0.2994,0.00098,0
669,685056,1,1.000,2000.0,1.00,0.00,-0.0036,0.0133,0.7354,0.00384,0.00266,0.0288,-2.2558,0.00000,1
670,686080,0,nan,nan,nan,nan,-0.0018,0.0289,0.7753,0.00383,0.00072,0.0002,0.2870,0.00098,0
671,687104,1,2.000,2000.0,2.00,0.00,-0.0036,0.0250,0.7367,0.00382,0.00172,0.0156,0.3123,0.00098,1
672,688128,0,nan,nan,nan,nan,-0.0036,0.0081,0.6515,0.00381,0.00241,0.0085,-3.3937,0.00000,0
673,689152,1,1.000,2000.0,1.00,0.00,-0.0052,0.0390,0.6883,0.00380,0.00239,0.0210,0.3756,0.00195,1
674,690176,0,nan,nan,nan,nan,-0.0023,0.0265,0.7378,0.00379,0.00115,0.0039,0.2841,0.00195,0
675,691200,1,3.000,2000.0,3.00,0.00,-0.0032,0.0053,0.7199,0.00378,0.00101,0.0012,-3.1443,0.00000,1
676,692224,0,nan,nan,nan,nan,-0.0031,0.0537,0.7262,0.00378,0.00092,0.0049,0.5033,0.00293,0
677,693248,1,1.000,2000.0,2.00,1.00,-0.0015,0.0375,0.7399,0.00377,0.00063,0.0017,0.5009,0.00293,1
678,694272,0,nan,nan,nan,nan,-0.0050,0.0569,0.7616,0.00376,0.00173,0.0156,0.5572,0.00293,0
679,695296,1,-1.000,2000.0,3.00,4.00,-0.0031,0.0430,0.7400,0.00375,0.00301,0.0354,0.1753,0.00098,1
680,696320,0,nan,nan,nan,nan,-0.0036,0.0499,0.7935,0.00374,0.00135,0.0029,0.4647,0.00293,0
681,697344,1,2.000,2000.0,3.00,1.00,-0.0038,0.0796,0.7686,0.00373,0.00209,0.0093,0.6281,0.00488,1
682,698368,0,nan,nan,nan,nan,-0.0051,0.0561,0.8199,0.00372,0.00160,0.0068,0.6043,0.00391,0
683,699392,1,0.000,2000.0,4.00,4.00,-0.0042,0.0357,0.8117,0.00371,0.00196,0.0071,0.6264,0.00293,1
684,700416,1,-1.000,1648.0,4.00,5.00,-0.0029,0.1154,0.8205,0.00370,0.00139,0.0022,0.6544,0.00684,0
685,701440,0,nan,nan,nan,nan,-0.0021,0.0577,0.8000,0.00369,0.00125,0.0081,0.6086,0.00391,0
686,702464,1,4.000,1803.0,5.00,1.00,-0.0042,0.0348,0.7620,0.00368,0.00191,0.0127,0.4959,0.00195,0
687,703488,0,nan,nan,nan,nan,-0.0010,0.0783,0.7261,0.00367,0.00071,0.0007,0.3306,0.00293,0
688,704512,1,3.000,2000.0,4.00,1.00,-0.0028,0.0967,0.7965,0.00366,0.00104,0.0005,0.5216,0.00488,1
689,705536,1,-3.000,1504.0,2.00,5.00,-0.0037,0.0742,0.7993,0.00366,0.00117,0.0017,0.4872,0.00293,0
690,706560,0,nan,nan,nan,nan,-0.0038,0.0886,0.7818,0.00365,0.00166,0.0112,0.3156,0.00293,0
691,707584,1,0.000,2000.0,2.00,2.00,-0.0046,0.0279,0.8354,0.00364,0.00189,0.0156,0.4609,0.00098,1
692,708608,0,nan,nan,nan,nan,-0.0037,0.0477,0.8093,0.00363,0.00201,0.0227,0.4641,0.00293,0
693,709632,1,1.000,1881.0,5.00,4.00,-0.0038,0.1426,0.8251,0.00362,0.00112,0.0002,0.5595,0.00684,0
694,710656,0,nan,nan,nan,nan,-0.0028,0.1164,0.7953,0.00361,0.00087,0.0005,0.4312,0.00391,0
695,711680,1,-2.000,1865.0,3.00,5.00,-0.0020,0.0808,0.7769,0.00360,0.00080,0.0017,0.5257,0.00391,0
696,712704,0,nan,nan,nan,nan,-0.0034,0.0223,0.8425,0.00359,0.00120,0.0010,0.5070,0.00098,0
697,713728,1,-4.000,2000.0,0.00,4.00,-0.0019,0.0811,0.8381,0.00358,0.00080,0.0024,0.5391,0.00391,1
698,714752,0,nan,nan,nan,nan,-0.0047,0.0363,0.8599,0.00357,0.00215,0.0105,0.6345,0.00293,0
699,715776,1,-3.000,2000.0,1.00,4.00,-0.0033,0.0544,0.8467,0.00356,0.00154,0.0095,-0.0038,0.00195,1
700,716800,0,nan,nan,nan,nan,-0.0040,0.0552,0.8377,0.00355,0.00208,0.0178,0.5006,0.00391,0
701,717824,1,-1.000,2000.0,3.00,4.00,-0.0044,0.0570,0.7987,0.00355,0.00229,0.0217,0.4054,0.00195,1
702,718848,0,nan,nan,nan,nan,-0.0027,0.0527,0.8535,0.00354,0.00092,0.0049,0.5832,0.00293,0
703,719872,1,-4.000,2000.0,0.00,4.00,-0.0033,0.0294,0.8378,0.00353,0.00121,0.0027,0.6670,0.00195,1
704,720896,0,nan,nan,nan,nan,-0.0032,0.0979,0.8385,0.00352,0.00112,0.0024,0.6062,0.00488,0
705,721920,1,-1.000,2000.0,3.00,4.00,-0.0040,0.0645,0.7814,0.00351,0.00159,0.0010,0.2829,0.00195,1
706,722944,0,nan,nan,nan,nan,-0.0022,0.0337,0.7870,0.00350,0.00091,0.0022,0.0943,0.00098,0
707,723968,1,2.000,2000.0,3.00,1.00,-0.0041,0.0559,0.8084,0.00349,0.00222,0.0098,0.4917,0.00293,1
708,724992,0,nan,nan,nan,nan,-0.0032,0.0213,0.8236,0.00348,0.00121,0.0002,0.5246,0.00098,0
709,726016,1,2.000,2000.0,3.00,1.00,-0.0044,0.0275,0.8615,0.00347,0.00155,0.0056,0.7567,0.00195,1
710,727040,0,nan,nan,nan,nan,-0.0026,0.0249,0.8600,0.00346,0.00090,0.0000,0.3893,0.00098,0
711,728064,1,2.000,2000.0,2.00,0.00,-0.0046,0.0625,0.8317,0.00345,0.00151,0.0034,0.2177,0.00195,1
712,729088,0,nan,nan,nan,nan,-0.0064,0.0518,0.8356,0.00344,0.00322,0.0254,-0.5574,0.00098,0
713,730112,1,-1.000,2000.0,1.00,2.00,-0.0034,0.0764,0.8436,0.00343,0.00248,0.0229,0.1913,0.00195,1
714,731136,0,nan,nan,nan,nan,-0.0032,0.0302,0.8361,0.00343,0.00142,0.0066,0.2407,0.00098,0
715,732160,2,-4.000,1484.5,0.00,4.00,-0.0015,0.0562,0.8214,0.00342,0.00114,0.0002,0.6006,0.00488,1
716,733184,0,nan,nan,nan,nan,-0.0056,0.1330,0.7999,0.00341,0.00243,0.0178,0.3824,0.00488,0
717,734208,1,-3.000,1715.0,2.00,5.00,-0.0032,0.0562,0.7999,0.00340,0.00142,0.0010,0.3961,0.00195,0
718,735232,0,nan,nan,nan,nan,-0.0020,0.1483,0.8267,0.00339,0.00076,0.0005,0.5094,0.00586,0
719,736256,1,-2.000,1965.0,3.00,5.00,-0.0030,0.0284,0.8283,0.00338,0.00121,0.0010,0.6276,0.00195,0
720,737280,0,nan,nan,nan,nan,-0.0052,0.0529,0.7672,0.00337,0.00215,0.0166,0.4958,0.00195,0
721,738304,1,0.000,2000.0,2.00,2.00,-0.0036,0.1112,0.8051,0.00336,0.00211,0.0242,0.5602,0.00586,1
722,739328,0,nan,nan,nan,nan,-0.0031,0.0498,0.8422,0.00335,0.00105,0.0051,0.2021,0.00195,0
723,740352,1,0.000,2000.0,4.00,4.00,-0.0049,0.0305,0.8104,0.00334,0.00169,0.0027,0.4447,0.00195,1
724,741376,0,nan,nan,nan,nan,-0.0044,0.0358,0.7434,0.00333,0.00342,0.0415,0.1044,0.00098,0
725,742400,1,1.000,2000.0,1.00,0.00,-0.0051,0.0087,0.8430,0.00332,0.00197,0.0100,-4.4389,0.00000,1
726,743424,0,nan,nan,nan,nan,-0.0031,0.0591,0.8312,0.00331,0.00181,0.0066,0.5682,0.00391,0
727,744448,1,2.000,2000.0,3.00,1.00,-0.0026,0.0231,0.8470,0.00331,0.00122,0.0088,0.5568,0.00098,1
728,745472,0,nan,nan,nan,nan,-0.0019,0.0186,0.8401,0.00330,0.00099,0.0010,0.6365,0.00098,0
729,746496,1,0.000,2000.0,2.00,2.00,-0.0032,0.0798,0.8249,0.00329,0.00111,0.0034,0.4096,0.00488,1
730,747520,0,nan,nan,nan,nan,-0.0049,0.0928,0.8382,0.00328,0.00197,0.0078,0.5214,0.00391,0
731,748544,1,-1.000,2000.0,3.00,4.00,-0.0040,0.0214,0.7865,0.00327,0.00217,0.0164,-2.3517,0.00000,1
732,749568,0,nan,nan,nan,nan,-0.0051,0.1038,0.7788,0.00326,0.00249,0.0154,0.2813,0.00293,0
733,750592,1,0.000,2000.0,2.00,2.00,-0.0038,0.0677,0.7453,0.00325,0.00233,0.0166,0.5086,0.00293,1
734,751616,0,nan,nan,nan,nan,-0.0031,0.0632,0.7636,0.00324,0.00239,0.0273,0.2164,0.00195,0
735,752640,1,0.000,2000.0,2.00,2.00,-0.0088,0.0229,0.8234,0.00323,0.00340,0.0278,0.4255,0.00098,1
736,753664,0,nan,nan,nan,nan,-0.0035,0.0549,0.7816,0.00322,0.00148,0.0100,0.5669,0.00293,0
737,754688,1,2.000,2000.0,3.00,1.00,-0.0019,0.0232,0.8258,0.00321,0.00088,0.0017,0.7250,0.00195,1
738,755712,1,-4.000,1675.0,1.00,5.00,-0.0047,0.1064,0.7922,0.00320,0.00265,0.0403,0.2430,0.00391,0
739,756736,0,nan,nan,nan,nan,-0.0033,0.0948,0.8020,0.00319,0.00101,0.0020,0.5787,0.00488,0
740,757760,1,1.000,2000.0,4.00,3.00,-0.0016,0.0951,0.7578,0.00319,0.00098,0.0061,0.4476,0.00391,1
741,758784,1,-5.000,808.0,0.00,5.00,-0.0063,0.0691,0.8034,0.00318,0.00298,0.0210,0.5003,0.00391,0
742,759808,0,nan,nan,nan,nan,-0.0013,0.0712,0.8078,0.00317,0.00066,0.0000,0.5571,0.00488,0
743,760832,1,-1.000,2000.0,3.00,4.00,-0.0042,0.0591,0.7795,0.00316,0.00097,0.0017,0.3730,0.00195,1
744,761856,0,nan,nan,nan,nan,-0.0027,0.1205,0.8076,0.00315,0.00112,0.0032,0.4576,0.00488,0
745,762880,1,2.000,1662.0,5.00,3.00,-0.0045,0.1052,0.7898,0.00314,0.00309,0.0435,0.6264,0.00586,0
746,763904,1,-2.000,1411.0,3.00,5.00,-0.0066,0.0998,0.7766,0.00313,0.00249,0.0073,0.5349,0.00488,0
747,764928,0,nan,nan,nan,nan,-0.0035,0.0607,0.7670,0.00312,0.00236,0.0090,0.4970,0.00195,0
748,765952,1,1.000,2000.0,2.00,1.00,-0.0045,0.0508,0.7961,0.00311,0.00163,0.0093,-0.1527,0.00098,1
749,766976,0,nan,nan,nan,nan,-0.0023,0.0642,0.8189,0.00310,0.00091,0.0000,0.6293,0.00391,0
750,768000,1,0.000,2000.0,3.00,3.00,-0.0041,0.0646,0.8069,0.00309,0.00144,0.0044,0.4290,0.00195,1
751,769024,0,nan,nan,nan,nan,-0.0036,0.0821,0.7844,0.00308,0.00138,0.0012,0.3630,0.00391,0
752,770048,1,-1.000,2000.0,2.00,3.00,-0.0027,0.0516,0.8100,0.00307,0.00099,0.0000,0.4666,0.00195,1
753,771072,1,5.000,1660.0,5.00,0.00,-0.0022,0.0989,0.7429,0.00307,0.00109,0.0032,0.4212,0.00293,0
754,772096,0,nan,nan,nan,nan,-0.0035,0.0369,0.7630,0.00306,0.00130,0.0024,0.4611,0.00195,0
755,773120,1,0.000,2000.0,3.00,3.00,-0.0039,0.1009,0.7824,0.00305,0.00134,0.0081,0.4978,0.00391,1
756,774144,0,nan,nan,nan,nan,-0.0023,0.0431,0.8166,0.00304,0.00069,0.0000,0.5380,0.00293,0
757,775168,1,-1.000,2000.0,3.00,4.00,-0.0052,0.0289,0.7820,0.00303,0.00197,0.0183,0.7299,0.00391,1
758,776192,0,nan,nan,nan,nan,-0.0020,0.0681,0.8414,0.00302,0.00078,0.0000,0.3926,0.00488,0
759,777216,1,-1.000,1746.0,4.00,5.00,-0.0023,0.0840,0.7811,0.00301,0.00088,0.0034,0.6107,0.00488,0
760,778240,0,nan,nan,nan,nan,-0.0035,0.0510,0.8276,0.00300,0.00083,0.0005,0.3271,0.00293,0
761,779264,1,0.000,2000.0,3.00,3.00,-0.0036,0.0731,0.8403,0.00299,0.00233,0.0249,0.6125,0.00391,1
762,780288,0,nan,nan,nan,nan,-0.0034,0.0419,0.8116,0.00298,0.00123,0.0037,0.2824,0.00195,0
763,781312,1,-3.000,2000.0,1.00,4.00,-0.0047,0.0456,0.7847,0.00297,0.00212,0.0198,0.4682,0.00195,1
764,782336,0,nan,nan,nan,nan,-0.0038,0.0598,0.8171,0.00296,0.00139,0.0024,0.5820,0.00488,0
765,783360,1,3.000,1769.0,5.00,2.00,-0.0036,0.0507,0.8035,0.00295,0.00171,0.0122,0.4121,0.00195,0
766,784384,0,nan,nan,nan,nan,-0.0038,0.0796,0.7935,0.00295,0.00196,0.0205,0.4253,0.00293,0
767,785408,1,4.000,2000.0,4.00,0.00,-0.0034,0.0583,0.7692,0.00294,0.00166,0.0181,0.4600,0.00195,1
768,786432,0,nan,nan,nan,nan,-0.0030,0.1034,0.8136,0.00293,0.00101,0.0081,0.1801,0.00391,0
769,787456,1,-1.000,2000.0,3.00,4.00,-0.0037,0.0897,0.8439,0.00292,0.00153,0.0105,0.7013,0.00684,1
770,788480,0,nan,nan,nan,nan,-0.0031,0.0734,0.8099,0.00291,0.00188,0.0054,0.5309,0.00195,0
771,789504,1,0.000,2000.0,4.00,4.00,-0.0026,0.1098,0.8185,0.00290,0.00124,0.0012,0.5356,0.00391,1
772,790528,0,nan,nan,nan,nan,-0.0030,0.0458,0.7868,0.00289,0.00123,0.0000,0.6055,0.00293,0
773,791552,1,1.000,2000.0,4.00,3.00,-0.0037,0.0689,0.7695,0.00288,0.00136,0.0063,0.6864,0.00488,1
774,792576,1,1.000,1860.0,5.00,4.00,-0.0035,0.1317,0.8081,0.00287,0.00154,0.0120,0.3475,0.00391,0
775,793600,0,nan,nan,nan,nan,-0.0039,0.0931,0.7769,0.00286,0.00204,0.0149,0.4574,0.00293,0
776,794624,1,-2.000,1903.0,3.00,5.00,-0.0019,0.1444,0.7619,0.00285,0.00158,0.0039,0.5568,0.00586,0
777,795648,0,nan,nan,nan,nan,-0.0025,0.1230,0.7700,0.00284,0.00109,0.0061,0.4808,0.00391,0
778,796672,1,1.000,1888.0,5.00,4.00,-0.0052,0.1007,0.8487,0.00284,0.00273,0.0090,0.5945,0.00684,0
779,797696,1,4.000,1381.0,5.00,1.00,-0.0033,0.0734,0.7066,0.00283,0.00354,0.0464,0.5126,0.00293,0
780,798720,0,nan,nan,nan,nan,-0.0034,0.1303,0.7928,0.00282,0.00128,0.0078,0.6513,0.00684,0
781,799744,1,1.000,1542.0,5.00,4.00,-0.0033,0.0899,0.7792,0.00281,0.00147,0.0078,0.5095,0.00293,0
782,800768,0,nan,nan,nan,nan,-0.0041,0.0706,0.8142,0.00280,0.00182,0.0154,0.5571,0.00293,0
783,801792,1,1.000,2000.0,4.00,3.00,-0.0024,0.1254,0.7698,0.00279,0.00115,0.0039,0.4713,0.00488,1
784,802816,0,nan,nan,nan,nan,-0.0017,0.0855,0.8424,0.00278,0.00049,0.0000,0.5301,0.00391,0
785,803840,1,2.000,2000.0,4.00,2.00,-0.0050,0.0460,0.7734,0.00277,0.00204,0.0129,0.2066,0.00098,1
786,804864,0,nan,nan,nan,nan,-0.0022,0.1330,0.7322,0.00276,0.00123,0.0037,0.4757,0.00488,0
787,805888,1,-1.000,2000.0,3.00,4.00,-0.0014,0.0848,0.7519,0.00275,0.00128,0.0161,0.3173,0.00293,1
788,806912,0,nan,nan,nan,nan,-0.0024,0.0458,0.8032,0.00274,0.00043,0.0000,0.6707,0.00391,0
789,807936,1,0.000,2000.0,3.00,3.00,-0.0031,0.0863,0.7926,0.00273,0.00123,0.0000,0.5544,0.00586,1
790,808960,1,3.000,1168.0,5.00,2.00,-0.0044,0.0664,0.8055,0.00272,0.00142,0.0071,0.3361,0.00195,0
791,809984,0,nan,nan,nan,nan,-0.0025,0.0913,0.7714,0.00272,0.00159,0.0056,0.6569,0.00488,0
792,811008,1,2.000,1863.0,5.00,3.00,-0.0045,0.1100,0.7354,0.00271,0.00278,0.0312,0.5564,0.00488,0
793,812032,0,nan,nan,nan,nan,-0.0043,0.0930,0.7290,0.00270,0.00256,0.0232,0.2145,0.00293,0
794,813056,1,0.000,2000.0,3.00,3.00,-0.0062,0.0917,0.7880,0.00269,0.00227,0.0198,0.3899,0.00293,1
795,814080,0,nan,nan,nan,nan,-0.0047,0.0304,0.8081,0.00268,0.00207,0.0125,0.5000,0.00098,0
796,815104,1,2.000,2000.0,3.00,1.00,-0.0027,0.0681,0.7457,0.00267,0.00140,0.0034,0.6536,0.00488,1
797,816128,0,nan,nan,nan,nan,-0.0026,0.0734,0.7849,0.00266,0.00105,0.0007,0.2172,0.00195,0
798,817152,1,-1.000,2000.0,3.00,4.00,-0.0053,0.0485,0.8013,0.00265,0.00260,0.0232,0.6090,0.00293,1
799,818176,1,3.000,1952.0,5.00,2.00,-0.0028,0.0928,0.7782,0.00264,0.00112,0.0020,0.5106,0.00391,0
800,819200,0,nan,nan,nan,nan,-0.0034,0.0639,0.7674,0.00263,0.00121,0.0054,0.6114,0.00488,0
801,820224,1,2.000,2000.0,4.00,2.00,-0.0056,0.0298,0.8103,0.00262,0.00204,0.0122,0.1586,0.00098,1
802,821248,0,nan,nan,nan,nan,-0.0032,0.0536,0.8229,0.00261,0.00180,0.0095,0.3492,0.00195,0
803,822272,1,-2.000,2000.0,1.00,3.00,-0.0046,0.0505,0.7358,0.00260,0.00166,0.0059,0.2786,0.00195,1
804,823296,0,nan,nan,nan,nan,-0.0036,0.0457,0.6931,0.00260,0.00359,0.0432,0.5588,0.00195,0
805,824320,1,-3.000,1931.0,2.00,5.00,-0.0018,0.0952,0.7653,0.00259,0.00049,0.0000,0.6750,0.00586,0
806,825344,0,nan,nan,nan,nan,-0.0032,0.0593,0.7760,0.00258,0.00151,0.0146,0.7665,0.00586,0
807,826368,1,-2.000,1442.0,3.00,5.00,-0.0031,0.0661,0.7740,0.00257,0.00133,0.0049,0.7832,0.00684,0
808,827392,1,1.000,1140.0,5.00,4.00,-0.0025,0.1412,0.7043,0.00256,0.00109,0.0027,0.0602,0.00391,0
809,828416,0,nan,nan,nan,nan,-0.0029,0.1215,0.7820,0.00255,0.00181,0.0276,0.5918,0.00391,0
810,829440,1,2.000,2000.0,4.00,2.00,-0.0033,0.1046,0.7370,0.00254,0.00215,0.0278,0.6629,0.00488,1
811,830464,1,4.000,1530.0,5.00,1.00,-0.0037,0.0941,0.7841,0.00253,0.00162,0.0090,0.0818,0.00195,0
812,831488,0,nan,nan,nan,nan,-0.0033,0.0805,0.7451,0.00252,0.00117,0.0024,0.4083,0.00293,0
813,832512,1,-4.000,1800.0,1.00,5.00,-0.0041,0.0611,0.7774,0.00251,0.00140,0.0039,0.7122,0.00586,0
814,833536,0,nan,nan,nan,nan,-0.0031,0.0748,0.7931,0.00250,0.00155,0.0112,0.4085,0.00391,0
815,834560,1,2.000,1860.0,5.00,3.00,-0.0026,0.0653,0.7550,0.00249,0.00118,0.0000,0.4432,0.00293,0
816,835584,0,nan,nan,nan,nan,-0.0047,0.0601,0.7221,0.00248,0.00199,0.0183,0.5142,0.00293,0
817,836608,1,1.000,2000.0,4.00,3.00,-0.0029,0.1076,0.7735,0.00248,0.00156,0.0107,0.4064,0.00293,1
818,837632,0,nan,nan,nan,nan,-0.0024,0.0760,0.8018,0.00247,0.00069,0.0024,0.1855,0.00195,0
819,838656,1,-1.000,2000.0,1.00,2.00,-0.0030,0.0725,0.8086,0.00246,0.00158,0.0168,0.6205,0.00586,1
820,839680,1,1.000,1406.0,5.00,4.00,-0.0058,0.1190,0.7796,0.00245,0.00357,0.0459,0.6537,0.00684,0
821,840704,1,-3.000,651.0,2.00,5.00,-0.0022,0.1369,0.7551,0.00244,0.00090,0.0029,0.1831,0.00391,0
822,841728,1,4.000,1383.0,5.00,1.00,-0.0023,0.2046,0.7958,0.00243,0.00098,0.0020,0.6337,0.00879,0
823,842752,1,3.000,694.0,5.00,2.00,-0.0038,0.1185,0.7704,0.00242,0.00198,0.0176,0.5969,0.00391,0
824,843776,0,nan,nan,nan,nan,-0.0016,0.0919,0.7104,0.00241,0.00098,0.0000,0.5684,0.00293,0
825,844800,1,-1.000,2000.0,2.00,3.00,-0.0043,0.0635,0.7238,0.00240,0.00152,0.0042,0.5450,0.00293,1
826,845824,0,nan,nan,nan,nan,-0.0023,0.0545,0.8018,0.00239,0.00100,0.0027,0.3368,0.00195,0
827,846848,1,-2.000,2000.0,1.00,3.00,-0.0035,0.0380,0.7341,0.00238,0.00172,0.0151,0.6290,0.00195,1
828,847872,1,2.000,1721.0,5.00,3.00,-0.0032,0.0711,0.7758,0.00237,0.00143,0.0068,0.6699,0.00586,0
829,848896,0,nan,nan,nan,nan,-0.0027,0.0741,0.7802,0.00236,0.00173,0.0129,0.5025,0.00293,0
830,849920,1,-1.000,2000.0,3.00,4.00,-0.0054,0.0897,0.7745,0.00236,0.00259,0.0249,0.5205,0.00488,1
831,850944,0,nan,nan,nan,nan,-0.0054,0.0598,0.7203,0.00235,0.00222,0.0164,0.2691,0.00195,0
832,851968,1,0.000,2000.0,3.00,3.00,-0.0039,0.0612,0.8258,0.00234,0.00223,0.0193,0.6774,0.00391,1
833,852992,0,nan,nan,nan,nan,-0.0044,0.0382,0.7020,0.00233,0.00323,0.0381,0.3882,0.00195,0
834,854016,1,3.000,2000.0,3.00,0.00,-0.0024,0.0461,0.7084,0.00232,0.00124,0.0022,0.3865,0.00098,1
835,855040,0,nan,nan,nan,nan,-0.0032,0.0638,0.7890,0.00231,0.00119,0.0024,0.5876,0.00391,0
836,856064,1,3.000,1773.0,5.00,2.00,-0.0040,0.0767,0.7312,0.00230,0.00176,0.0061,0.4671,0.00293,0
837,857088,0,nan,nan,nan,nan,-0.0046,0.0803,0.6927,0.00229,0.00362,0.0454,0.4173,0.00391,0
838,858112,1,-1.000,2000.0,3.00,4.00,-0.0029,0.1079,0.7386,0.00228,0.00121,0.0044,0.5557,0.00586,1
839,859136,1,4.000,964.0,5.00,1.00,-0.0037,0.0491,0.7479,0.00227,0.00126,0.0085,0.5863,0.00391,0
840,860160,0,nan,nan,nan,nan,-0.0032,0.0792,0.7551,0.00226,0.00160,0.0103,0.4850,0.00391,0
841,861184,1,2.000,2000.0,4.00,2.00,-0.0030,0.0718,0.7838,0.00225,0.00121,0.0012,0.2259,0.00195,1
842,862208,1,-4.000,1321.0,1.00,5.00,-0.0040,0.1509,0.7488,0.00224,0.00184,0.0112,0.5858,0.00684,0
843,863232,0,nan,nan,nan,nan,-0.0034,0.1206,0.7849,0.00224,0.00098,0.0005,0.2634,0.00293,0
844,864256,1,3.000,1939.0,5.00,2.00,-0.0027,0.1027,0.7115,0.00223,0.00157,0.0029,0.4229,0.00391,0
845,865280,1,3.000,1439.0,5.00,2.00,-0.0028,0.0927,0.7435,0.00222,0.00242,0.0261,0.3995,0.00391,0
846,866304,0,nan,nan,nan,nan,-0.0024,0.0959,0.7446,0.00221,0.00119,0.0068,0.4919,0.00488,0
847,867328,1,3.000,1720.0,5.00,2.00,-0.0042,0.1079,0.7336,0.00220,0.00156,0.0105,0.5554,0.00488,0
848,868352,0,nan,nan,nan,nan,-0.0022,0.0895,0.6730,0.00219,0.00164,0.0156,0.4758,0.00391,0
849,869376,1,0.000,2000.0,4.00,4.00,-0.0029,0.0890,0.7297,0.00218,0.00094,0.0029,0.4376,0.00391,1
850,870400,1,3.000,1101.0,5.00,2.00,-0.0033,0.0848,0.6724,0.00217,0.00132,0.0127,0.4666,0.00391,0
851,871424,0,nan,nan,nan,nan,-0.0063,0.1079,0.6863,0.00216,0.00313,0.0359,0.5720,0.00488,0
852,872448,1,1.000,2000.0,3.00,2.00,-0.0022,0.0783,0.6228,0.00215,0.00171,0.0125,0.3432,0.00293,1
853,873472,0,nan,nan,nan,nan,-0.0035,0.0487,0.7732,0.00214,0.00165,0.0127,0.4932,0.00293,0
854,874496,1,1.000,2000.0,4.00,3.00,-0.0031,0.0575,0.7348,0.00213,0.00145,0.0088,-0.0612,0.00098,1
855,875520,0,nan,nan,nan,nan,-0.0042,0.0391,0.7328,0.00213,0.00151,0.0085,0.7861,0.00391,0
856,876544,1,1.000,2000.0,3.00,2.00,-0.0028,0.0397,0.8232,0.00212,0.00121,0.0000,0.6212,0.00195,1
857,877568,0,nan,nan,nan,nan,-0.0026,0.0324,0.8158,0.00211,0.00064,0.0000,0.8243,0.00293,0
858,878592,1,-2.000,2000.0,1.00,3.00,-0.0033,0.0233,0.8284,0.00210,0.00230,0.0134,0.7832,0.00098,1
859,879616,0,nan,nan,nan,nan,-0.0051,0.0459,0.6248,0.00209,0.00256,0.0225,0.1184,0.00098,0
860,880640,1,-1.000,2000.0,1.00,2.00,-0.0053,0.0914,0.6859,0.00208,0.00296,0.0276,0.3614,0.00391,1
861,881664,0,nan,nan,nan,nan,-0.0040,0.1035,0.7129,0.00207,0.00116,0.0083,0.3949,0.00293,0
862,882688,1,3.000,1925.0,5.00,2.00,-0.0028,0.0530,0.7404,0.00206,0.00122,0.0024,0.6444,0.00488,0
863,883712,0,nan,nan,nan,nan,-0.0024,0.0660,0.7575,0.00205,0.00126,0.0000,0.3233,0.00195,0
864,884736,1,3.000,1995.0,5.00,2.00,-0.0048,0.0855,0.6585,0.00204,0.00133,0.0117,0.5253,0.00488,0
865,885760,1,5.000,919.0,5.00,0.00,-0.0037,0.1136,0.7211,0.00203,0.00145,0.0088,0.6173,0.00586,0
866,886784,1,3.000,1514.0,5.00,2.00,-0.0035,0.0429,0.8046,0.00202,0.00167,0.0115,0.4440,0.00195,0
867,887808,0,nan,nan,nan,nan,-0.0020,0.0469,0.6649,0.00201,0.00066,0.0012,0.3734,0.00195,0
868,888832,1,2.000,2000.0,3.00,1.00,-0.0033,0.0711,0.7367,0.00201,0.00138,0.0125,0.5343,0.00293,1
869,889856,0,nan,nan,nan,nan,-0.0027,0.0628,0.7767,0.00200,0.00125,0.0090,0.5181,0.00293,0
870,890880,1,-3.000,2000.0,1.00,4.00,-0.0022,0.0648,0.6819,0.00199,0.00075,0.0032,-0.2481,0.00098,1
871,891904,0,nan,nan,nan,nan,-0.0027,0.0779,0.6407,0.00198,0.00110,0.0073,0.5273,0.00391,0
872,892928,1,4.000,1750.0,5.00,1.00,-0.0050,0.0644,0.6774,0.00197,0.00260,0.0264,0.4842,0.00391,0
873,893952,0,nan,nan,nan,nan,-0.0034,0.0348,0.7436,0.00196,0.00124,0.0015,0.4864,0.00293,0
874,894976,1,1.000,2000.0,3.00,2.00,-0.0025,0.1002,0.6481,0.00195,0.00096,0.0039,0.4414,0.00391,1
875,896000,1,3.000,1600.0,5.00,2.00,-0.0025,0.1006,0.6226,0.00194,0.00095,0.0093,0.3426,0.00293,0
876,897024,0,nan,nan,nan,nan,-0.0038,0.0437,0.6995,0.00193,0.00199,0.0103,0.4655,0.00195,0
877,898048,1,5.000,1880.0,5.00,0.00,-0.0025,0.0929,0.8545,0.00192,0.00165,0.0034,0.4233,0.00391,0
878,899072,1,5.000,1467.0,5.00,0.00,-0.0046,0.0969,0.6102,0.00191,0.00283,0.0317,0.5051,0.00391,0
879,900096,0,nan,nan,nan,nan,-0.0019,0.0792,0.5666,0.00190,0.00087,0.0073,0.3053,0.00195,0
880,901120,1,0.000,2000.0,3.00,3.00,-0.0036,0.0559,0.6192,0.00189,0.00143,0.0183,0.5602,0.00391,1
881,902144,0,nan,nan,nan,nan,-0.0021,0.0547,0.5880,0.00189,0.00190,0.0181,0.5326,0.00293,0
882,903168,1,0.000,2000.0,2.00,2.00,-0.0017,0.0279,0.8247,0.00188,0.00060,0.0000,0.5564,0.00195,1
883,904192,0,nan,nan,nan,nan,-0.0044,0.1128,0.7111,0.00187,0.00191,0.0134,0.3805,0.00391,0
884,905216,1,4.000,1271.0,5.00,1.00,-0.0030,0.0358,0.5581,0.00186,0.00142,0.0125,0.1574,0.00098,0
885,906240,1,0.000,2000.0,2.00,2.00,-0.0035,0.0840,0.6228,0.00185,0.00199,0.0164,0.5855,0.00391,1
886,907264,0,nan,nan,nan,nan,-0.0023,0.0562,0.7378,0.00184,0.00143,0.0107,0.5363,0.00195,0
887,908288,1,5.000,1507.0,5.00,0.00,-0.0027,0.1173,0.7203,0.00183,0.00165,0.0112,0.6390,0.00684,0
888,909312,1,2.000,1104.0,5.00,3.00,-0.0042,0.1150,0.6595,0.00182,0.00128,0.0049,0.6705,0.00586,0
889,910336,0,nan,nan,nan,nan,-0.0020,0.0840,0.7490,0.00181,0.00118,0.0071,0.5647,0.00391,0
890,911360,1,0.000,2000.0,3.00,3.00,-0.0028,0.0548,0.6799,0.00180,0.00102,0.0027,-0.0662,0.00000,1
891,912384,0,nan,nan,nan,nan,-0.0020,0.0488,0.6438,0.00179,0.00072,0.0010,0.5644,0.00293,0
892,913408,1,2.000,2000.0,3.00,1.00,-0.0070,0.0758,0.6781,0.00178,0.00244,0.0261,0.2625,0.00195,1
893,914432,0,nan,nan,nan,nan,-0.0068,0.0783,0.6953,0.00177,0.00312,0.0361,0.2978,0.00293,0
894,915456,1,0.000,2000.0,3.00,3.00,-0.0019,0.0616,0.7199,0.00177,0.00071,0.0002,0.6068,0.00488,1
895,916480,0,nan,nan,nan,nan,-0.0023,0.0858,0.7552,0.00176,0.00145,0.0007,0.4150,0.00293,0
896,917504,1,-2.000,1937.0,3.00,5.00,-0.0042,0.0970,0.6455,0.00175,0.00240,0.0212,0.5465,0.00391,0
897,918528,0,nan,nan,nan,nan,-0.0033,0.0555,0.6175,0.00174,0.00211,0.0244,0.6431,0.00391,0
898,919552,1,3.000,1750.0,5.00,2.00,-0.0026,0.1023,0.6343,0.00173,0.00071,0.0042,0.6326,0.00488,0
899,920576,1,0.000,2000.0,4.00,4.00,-0.0038,0.0590,0.6536,0.00172,0.00103,0.0034,0.5889,0.00391,1
900,921600,0,nan,nan,nan,nan,-0.0048,0.1076,0.6446,0.00171,0.00219,0.0227,0.5410,0.00488,0
901,922624,1,3.000,1411.0,5.00,2.00,-0.0025,0.1523,0.6419,0.00170,0.00179,0.0112,0.4855,0.00586,0
902,923648,0,nan,nan,nan,nan,-0.0038,0.0532,0.6945,0.00169,0.00160,0.0129,0.4504,0.00293,0
903,924672,1,0.000,2000.0,4.00,4.00,-0.0038,0.0367,0.6492,0.00168,0.00200,0.0188,-0.6675,0.00098,1
904,925696,0,nan,nan,nan,nan,-0.0042,0.1133,0.6786,0.00167,0.00190,0.0085,0.4744,0.00391,0
905,926720,1,3.000,2000.0,4.00,1.00,-0.0032,0.0491,0.7972,0.00166,0.00149,0.0107,0.6908,0.00293,1
906,927744,0,nan,nan,nan,nan,-0.0012,0.0440,0.4762,0.00165,0.00096,0.0007,-2.0548,0.00000,0
907,928768,1,0.000,2000.0,1.00,1.00,-0.0015,0.0587,0.6073,0.00165,0.00095,0.0063,0.3836,0.00293,1
908,929792,0,nan,nan,nan,nan,-0.0034,0.0298,0.6017,0.00164,0.00187,0.0151,0.3371,0.00098,0
909,930816,1,2.000,2000.0,3.00,1.00,-0.0028,0.0415,0.6658,0.00163,0.00125,0.0039,0.7434,0.00293,1
910,931840,0,nan,nan,nan,nan,-0.0021,0.0369,0.4492,0.00162,0.00121,0.0125,-2.7726,0.00000,0
911,932864,1,-1.000,2000.0,1.00,2.00,-0.0047,0.0610,0.6181,0.00161,0.00223,0.0337,0.5688,0.00391,1
912,933888,1,4.000,1116.0,5.00,1.00,-0.0036,0.0573,0.6420,0.00160,0.00260,0.0291,0.4834,0.00195,0
913,934912,0,nan,nan,nan,nan,-0.0021,0.0928,0.6746,0.00159,0.00071,0.0000,0.4500,0.00488,0
914,935936,1,3.000,2000.0,4.00,1.00,-0.0028,0.0592,0.6599,0.00158,0.00174,0.0054,0.7271,0.00391,1
915,936960,1,2.000,1518.0,5.00,3.00,-0.0026,0.0936,0.5913,0.00157,0.00129,0.0078,0.4954,0.00391,0
916,937984,0,nan,nan,nan,nan,-0.0039,0.0590,0.7079,0.00156,0.00327,0.0625,0.7738,0.00684,0
917,939008,1,1.000,2000.0,4.00,3.00,-0.0046,0.0490,0.6058,0.00155,0.00229,0.0283,0.3203,0.00098,1
918,940032,0,nan,nan,nan,nan,-0.0023,0.0448,0.7438,0.00154,0.00148,0.0115,0.6352,0.00391,0
919,941056,1,-1.000,2000.0,2.00,3.00,-0.0037,0.0180,0.7092,0.00153,0.00146,0.0120,0.7547,0.00195,1
920,942080,0,nan,nan,nan,nan,-0.0033,0.0602,0.7238,0.00153,0.00175,0.0117,0.5982,0.00293,0
921,943104,1,1.000,2000.0,4.00,3.00,-0.0050,0.0438,0.6671,0.00152,0.00272,0.0325,0.7325,0.00293,1
922,944128,0,nan,nan,nan,nan,-0.0027,0.0387,0.5575,0.00151,0.00247,0.0247,0.6056,0.00391,0
923,945152,1,3.000,1981.0,5.00,2.00,-0.0041,0.0726,0.6786,0.00150,0.00141,0.0073,0.4442,0.00391,0
924,946176,0,nan,nan,nan,nan,-0.0036,0.0448,0.7049,0.00149,0.00124,0.0049,0.2078,0.00195,0
925,947200,1,3.000,2000.0,4.00,1.00,-0.0054,0.0438,0.6752,0.00148,0.00239,0.0269,0.5721,0.00293,1
926,948224,0,nan,nan,nan,nan,-0.0023,0.0547,0.7178,0.00147,0.00122,0.0066,0.4116,0.00195,0
927,949248,1,3.000,1934.0,5.00,2.00,-0.0046,0.0829,0.6464,0.00146,0.00193,0.0195,0.5334,0.00488,0
928,950272,0,nan,nan,nan,nan,-0.0032,0.0924,0.6273,0.00145,0.00148,0.0063,0.4235,0.00488,0
929,951296,1,0.000,2000.0,4.00,4.00,-0.0025,0.0738,0.7280,0.00144,0.00089,0.0039,0.5938,0.00488,1
930,952320,1,3.000,1085.0,5.00,2.00,-0.0049,0.0703,0.7544,0.00143,0.00318,0.0393,0.5710,0.00391,0
931,953344,1,5.000,1553.0,5.00,0.00,-0.0018,0.1459,0.6591,0.00142,0.00094,0.0044,0.4578,0.00488,0
932,954368,1,3.000,1187.0,5.00,2.00,-0.0041,0.0803,0.7097,0.00141,0.00128,0.0046,0.7261,0.00586,0
933,955392,0,nan,nan,nan,nan,-0.0052,0.0498,0.6866,0.00141,0.00394,0.0547,0.1846,0.00098,0
934,956416,1,2.000,2000.0,2.00,0.00,-0.0038,0.0583,0.6577,0.00140,0.00238,0.0273,-0.0062,0.00195,1
935,957440,0,nan,nan,nan,nan,-0.0027,0.0586,0.6662,0.00139,0.00102,0.0010,0.6028,0.00293,0
936,958464,1,1.000,2000.0,3.00,2.00,-0.0018,0.0851,0.7065,0.00138,0.00078,0.0000,0.3294,0.00293,1
937,959488,1,4.000,500.0,5.00,1.00,-0.0019,0.1026,0.7393,0.00137,0.00066,0.0017,0.5714,0.00488,0
938,960512,0,nan,nan,nan,nan,-0.0021,0.0599,0.6868,0.00136,0.00069,0.0012,-0.0091,0.00098,0
939,961536,1,1.000,2000.0,2.00,1.00,-0.0037,0.0598,0.7113,0.00135,0.00255,0.0332,0.5801,0.00391,1
940,962560,1,5.000,1180.0,5.00,0.00,-0.0035,0.0778,0.6769,0.00134,0.00170,0.0173,0.0949,0.00293,0
941,963584,1,4.000,1019.0,5.00,1.00,-0.0026,0.0562,0.6933,0.00133,0.00119,0.0061,0.6187,0.00488,0
942,964608,0,nan,nan,nan,nan,-0.0037,0.0829,0.6739,0.00132,0.00107,0.0054,0.6159,0.00488,0
943,965632,1,1.000,2000.0,3.00,2.00,-0.0047,0.0384,0.6692,0.00131,0.00193,0.0105,0.2549,0.00098,1
944,966656,0,nan,nan,nan,nan,-0.0052,0.0792,0.8338,0.00130,0.00186,0.0032,0.3413,0.00293,0
945,967680,1,-1.000,2000.0,2.00,3.00,-0.0066,0.0929,0.6672,0.00130,0.00333,0.0413,0.2986,0.00195,1
946,968704,0,nan,nan,nan,nan,-0.0032,0.0679,0.6677,0.00129,0.00166,0.0129,0.2740,0.00293,0
947,969728,1,2.000,2000.0,3.00,1.00,-0.0040,0.0393,0.6290,0.00128,0.00236,0.0232,0.2242,0.00098,1
948,970752,0,nan,nan,nan,nan,-0.0031,0.0714,0.6530,0.00127,0.00112,0.0000,0.4604,0.00488,0
949,971776,1,1.000,2000.0,4.00,3.00,-0.0031,0.0595,0.6297,0.00126,0.00113,0.0039,0.3896,0.00195,1
950,972800,0,nan,nan,nan,nan,-0.0025,0.0471,0.6096,0.00125,0.00147,0.0098,0.3179,0.00195,0
951,973824,1,1.000,2000.0,2.00,1.00,-0.0028,0.0801,0.6114,0.00124,0.00115,0.0078,0.4156,0.00293,1
952,974848,1,4.000,1231.0,5.00,1.00,-0.0020,0.0829,0.5835,0.00123,0.00119,0.0100,0.5056,0.00293,0
953,975872,1,4.000,1620.0,5.00,1.00,-0.0048,0.0800,0.6182,0.00122,0.00159,0.0071,0.6466,0.00586,0
954,976896,0,nan,nan,nan,nan,-0.0030,0.0460,0.5507,0.00121,0.00190,0.0256,0.3360,0.00195,0
955,977920,2,4.500,1000.5,5.00,0.50,-0.0026,0.0947,0.6242,0.00120,0.00074,0.0007,0.7139,0.00879,0
956,978944,1,4.000,801.0,5.00,1.00,-0.0023,0.0504,0.6630,0.00119,0.00110,0.0078,0.7366,0.00586,0
957,979968,0,nan,nan,nan,nan,-0.0030,0.0474,0.6416,0.00118,0.00186,0.0232,0.6727,0.00293,0
958,980992,1,4.000,1794.0,5.00,1.00,-0.0044,0.0354,0.6638,0.00118,0.00193,0.0083,0.7571,0.00488,0
959,982016,1,4.000,1258.0,5.00,1.00,-0.0036,0.0909,0.6440,0.00117,0.00131,0.0015,0.4390,0.00391,0
960,983040,0,nan,nan,nan,nan,-0.0028,0.0731,0.7045,0.00116,0.00190,0.0137,0.6811,0.00586,0
961,984064,1,2.000,1958.0,5.00,3.00,-0.0051,0.0528,0.6272,0.00115,0.00220,0.0286,0.3252,0.00195,0
962,985088,0,nan,nan,nan,nan,-0.0032,0.0662,0.6772,0.00114,0.00137,0.0085,0.5695,0.00391,0
963,986112,1,5.000,1609.0,5.00,0.00,-0.0028,0.0678,0.6365,0.00113,0.00103,0.0024,0.7674,0.00781,0
964,987136,0,nan,nan,nan,nan,-0.0026,0.0382,0.4969,0.00112,0.00223,0.0266,-1.6186,0.00000,0
965,988160,1,1.000,2000.0,4.00,3.00,-0.0029,0.0530,0.5855,0.00111,0.00172,0.0159,-0.0289,0.00098,1
966,989184,0,nan,nan,nan,nan,-0.0038,0.0455,0.5738,0.00110,0.00246,0.0271,0.0656,0.00098,0
967,990208,2,0.500,1360.0,2.50,2.00,-0.0029,0.1003,0.6123,0.00109,0.00087,0.0029,0.5731,0.00684,1
968,991232,0,nan,nan,nan,nan,-0.0016,0.0668,0.5397,0.00108,0.00073,0.0029,0.2785,0.00195,0
969,992256,1,-1.000,2000.0,1.00,2.00,-0.0038,0.0559,0.6282,0.00107,0.00224,0.0166,0.2609,0.00098,1
970,993280,0,nan,nan,nan,nan,-0.0022,0.1084,0.6434,0.00106,0.00201,0.0190,0.6399,0.00488,0
971,994304,1,-4.000,1410.0,1.00,5.00,-0.0032,0.0739,0.5638,0.00106,0.00173,0.0271,0.3771,0.00293,0
972,995328,0,nan,nan,nan,nan,-0.0034,0.0401,0.7359,0.00105,0.00279,0.0339,0.6074,0.00293,0
973,996352,1,-3.000,2000.0,1.00,4.00,-0.0031,0.0207,0.7597,0.00104,0.00243,0.0117,0.5898,0.00098,1
974,997376,0,nan,nan,nan,nan,-0.0018,0.0935,0.6463,0.00103,0.00056,0.0029,0.5217,0.00391,0
975,998400,1,-1.000,2000.0,2.00,3.00,-0.0040,0.0879,0.6446,0.00102,0.00148,0.0156,0.5118,0.00293,1
976,999424,1,2.000,1995.0,5.00,3.00,-0.0026,0.1301,0.6625,0.00101,0.00119,0.0049,0.3849,0.00488,0
977,1000000,0,nan,nan,nan,nan,-0.0027,0.0748,0.6018,0.00100,0.00120,0.0022,0.6291,0.00521,0
