iter,steps,episodes,mean_return_A,mean_len,mean_A,mean_B,loss_pg,loss_v,entropy,ent_coef,approx_kl,clip_frac,explained_variance,reward_event_rate,truncated_episodes,A1_action_stay,A1_action_up,A1_action_down,A1_entropy,A1_value_loss,A1_approx_kl,A2_action_stay,A2_action_up,A2_action_down,A2_entropy,A2_value_loss,A2_approx_kl
1,1024,1,-2.000,812.0,3.00,5.00,-0.0019,0.2085,1.0983,0.01000,0.00027,0.0000,0.3885,0.00879,0,0.3271,0.3223,0.3506,1.0984,0.2163,0.00026,0.3213,0.3359,0.3428,1.0983,0.2007,0.00027
2,2048,0,nan,nan,nan,nan,-0.0023,0.0568,1.0981,0.00999,0.00016,0.0000,0.3208,0.00195,0,0.3486,0.3389,0.3125,1.0983,0.0710,0.00009,0.3359,0.3340,0.3301,1.0980,0.0426,0.00022
3,3072,1,-1.000,2000.0,3.00,4.00,-0.0013,0.0805,1.0971,0.00998,0.00015,0.0000,0.6490,0.00586,1,0.3721,0.3096,0.3184,1.0976,0.0820,0.00013,0.3447,0.3174,0.3379,1.0966,0.0789,0.00018
4,4096,1,-4.000,1024.0,1.00,5.00,-0.0012,0.1064,1.0968,0.00997,0.00015,0.0000,0.2951,0.00488,0,0.3623,0.3203,0.3174,1.0968,0.1131,0.00021,0.3486,0.3125,0.3389,1.0968,0.0997,0.00008
5,5120,0,nan,nan,nan,nan,-0.0011,0.0840,1.0960,0.00996,0.00011,0.0000,0.5181,0.00391,0,0.3545,0.3135,0.3320,1.0961,0.0889,0.00012,0.3193,0.3428,0.3379,1.0960,0.0790,0.00010
6,6144,2,-4.500,1113.0,0.50,5.00,-0.0016,0.0992,1.0960,0.00995,0.00023,0.0000,0.3740,0.00684,0,0.3691,0.3047,0.3262,1.0952,0.1055,0.00009,0.3467,0.3223,0.3311,1.0968,0.0929,0.00037
7,7168,1,-5.000,645.0,0.00,5.00,-0.0013,0.0855,1.0962,0.00994,0.00012,0.0000,0.6926,0.00684,0,0.3604,0.3135,0.3262,1.0952,0.0823,0.00006,0.3477,0.3369,0.3154,1.0973,0.0888,0.00017
8,8192,1,-3.000,1289.0,2.00,5.00,-0.0014,0.0597,1.0961,0.00994,0.00015,0.0000,0.7075,0.00488,0,0.3799,0.3008,0.3193,1.0958,0.0590,0.00012,0.3701,0.3184,0.3115,1.0964,0.0604,0.00018
9,9216,0,nan,nan,nan,nan,-0.0009,0.1024,1.0955,0.00993,0.00015,0.0000,0.4257,0.00391,0,0.3711,0.2920,0.3369,1.0951,0.1013,0.00008,0.3398,0.3457,0.3145,1.0960,0.1035,0.00021
10,10240,1,2.000,1424.0,5.00,3.00,-0.0006,0.1727,1.0944,0.00992,0.00006,0.0000,0.5967,0.00781,0,0.3438,0.3213,0.3350,1.0951,0.1690,0.00004,0.3379,0.3389,0.3232,1.0937,0.1764,0.00009
11,11264,1,-3.000,901.0,2.00,5.00,-0.0012,0.0601,1.0947,0.00991,0.00010,0.0000,0.4127,0.00293,0,0.3418,0.3330,0.3252,1.0960,0.0636,0.00006,0.3232,0.3154,0.3613,1.0934,0.0565,0.00013
12,12288,1,-5.000,1598.0,0.00,5.00,-0.0025,0.0803,1.0930,0.00990,0.00023,0.0000,0.3869,0.00391,0,0.3486,0.3428,0.3086,1.0942,0.0808,0.00020,0.3271,0.3281,0.3447,1.0919,0.0797,0.00026
13,13312,1,-5.000,1248.0,0.00,5.00,-0.0006,0.0720,1.0930,0.00989,0.00012,0.0000,0.5805,0.00488,0,0.3633,0.3320,0.3047,1.0924,0.0711,0.00011,0.3301,0.3252,0.3447,1.0936,0.0730,0.00014
14,14336,0,nan,nan,nan,nan,-0.0008,0.0971,1.0935,0.00988,0.00010,0.0000,0.2879,0.00293,0,0.3516,0.3369,0.3115,1.0941,0.1018,0.00004,0.3174,0.3301,0.3525,1.0930,0.0924,0.00016
15,15360,1,-1.000,2000.0,3.00,4.00,-0.0007,0.1143,1.0937,0.00987,0.00006,0.0000,0.5431,0.00391,1,0.3604,0.3154,0.3242,1.0933,0.1162,0.00008,0.3555,0.3457,0.2988,1.0941,0.1125,0.00003
16,16384,0,nan,nan,nan,nan,-0.0013,0.0887,1.0937,0.00986,0.00015,0.0000,0.6253,0.00586,0,0.3633,0.3252,0.3115,1.0935,0.0867,0.00027,0.3350,0.3262,0.3389,1.0938,0.0906,0.00004
17,17408,1,0.000,2000.0,4.00,4.00,-0.0006,0.0421,1.0939,0.00985,0.00009,0.0000,0.6170,0.00293,1,0.3408,0.3594,0.2998,1.0938,0.0460,0.00011,0.3428,0.3242,0.3330,1.0939,0.0381,0.00007
18,18432,0,nan,nan,nan,nan,-0.0015,0.1386,1.0945,0.00984,0.00013,0.0000,0.4851,0.00488,0,0.3193,0.3740,0.3066,1.0939,0.1466,0.00004,0.3174,0.3125,0.3701,1.0951,0.1306,0.00022
19,19456,1,0.000,2000.0,4.00,4.00,-0.0025,0.1055,1.0909,0.00983,0.00038,0.0000,0.2116,0.00293,1,0.3359,0.3350,0.3291,1.0942,0.1010,0.00027,0.3125,0.3486,0.3389,1.0875,0.1100,0.00049
20,20480,1,-5.000,968.0,0.00,5.00,-0.0022,0.1059,1.0909,0.00982,0.00029,0.0000,0.4354,0.00488,0,0.3623,0.3320,0.3057,1.0917,0.1024,0.00007,0.3145,0.3369,0.3486,1.0901,0.1094,0.00051
21,21504,0,nan,nan,nan,nan,-0.0013,0.1053,1.0839,0.00982,0.00036,0.0000,0.3592,0.00391,0,0.3721,0.3271,0.3008,1.0926,0.1038,0.00016,0.3223,0.3350,0.3428,1.0753,0.1068,0.00056
22,22528,1,-4.000,1878.0,1.00,5.00,-0.0011,0.0578,1.0897,0.00981,0.00011,0.0000,0.6293,0.00391,0,0.3496,0.3496,0.3008,1.0927,0.0578,0.00009,0.3350,0.3408,0.3242,1.0867,0.0578,0.00013
23,23552,0,nan,nan,nan,nan,-0.0014,0.0772,1.0934,0.00980,0.00010,0.0000,0.3822,0.00293,0,0.3643,0.3135,0.3223,1.0943,0.0811,0.00012,0.3408,0.3262,0.3330,1.0924,0.0733,0.00008
24,24576,1,-2.000,1846.0,3.00,5.00,-0.0031,0.0543,1.0888,0.00979,0.00040,0.0000,0.4398,0.00488,0,0.3604,0.3203,0.3193,1.0945,0.0536,0.00046,0.3369,0.3291,0.3340,1.0831,0.0549,0.00033
25,25600,1,-4.000,1286.0,1.00,5.00,-0.0026,0.0320,1.0892,0.00978,0.00028,0.0000,0.6445,0.00488,0,0.3545,0.3486,0.2969,1.0924,0.0326,0.00041,0.3193,0.3398,0.3408,1.0861,0.0314,0.00016
26,26624,1,-4.000,847.0,1.00,5.00,-0.0031,0.0984,1.0882,0.00977,0.00041,0.0000,0.6484,0.00879,0,0.3691,0.3369,0.2939,1.0936,0.1010,0.00054,0.3301,0.3027,0.3672,1.0827,0.0957,0.00028
27,27648,1,-4.000,753.0,1.00,5.00,-0.0012,0.0373,1.0889,0.00976,0.00027,0.0000,0.6817,0.00391,0,0.3379,0.3066,0.3555,1.0927,0.0387,0.00028,0.3262,0.3125,0.3613,1.0852,0.0359,0.00026
28,28672,1,-5.000,1033.0,0.00,5.00,-0.0019,0.0728,1.0858,0.00975,0.00020,0.0000,0.4697,0.00488,0,0.3369,0.3604,0.3027,1.0904,0.0756,0.00033,0.3662,0.2871,0.3467,1.0813,0.0700,0.00006
29,29696,1,-5.000,1372.0,0.00,5.00,-0.0028,0.0832,1.0819,0.00974,0.00036,0.0000,0.4794,0.00488,0,0.3525,0.3701,0.2773,1.0867,0.0821,0.00025,0.3164,0.3301,0.3535,1.0771,0.0844,0.00047
30,30720,1,-3.000,923.0,2.00,5.00,-0.0022,0.0637,1.0842,0.00973,0.00037,0.0000,0.6272,0.00781,0,0.3496,0.3486,0.3018,1.0880,0.0643,0.00051,0.3594,0.3057,0.3350,1.0805,0.0630,0.00024
31,31744,1,-4.000,977.0,1.00,5.00,-0.0010,0.0576,1.0870,0.00972,0.00013,0.0000,0.6193,0.00586,0,0.3525,0.3594,0.2881,1.0896,0.0581,0.00013,0.3242,0.2910,0.3848,1.0844,0.0572,0.00014
32,32768,1,-4.000,982.0,1.00,5.00,-0.0012,0.0960,1.0814,0.00971,0.00017,0.0000,0.6158,0.00586,0,0.3379,0.3672,0.2949,1.0880,0.0989,0.00009,0.3223,0.3027,0.3750,1.0748,0.0931,0.00025
33,33792,1,-4.000,1010.0,1.00,5.00,-0.0030,0.1266,1.0844,0.00970,0.00041,0.0000,0.4874,0.00586,0,0.3496,0.3516,0.2988,1.0894,0.1314,0.00049,0.3057,0.3232,0.3711,1.0795,0.1217,0.00033
34,34816,1,-4.000,1284.0,1.00,5.00,-0.0011,0.0866,1.0854,0.00970,0.00023,0.0000,0.3809,0.00391,0,0.3740,0.3477,0.2783,1.0900,0.0862,0.00021,0.3301,0.3174,0.3525,1.0809,0.0869,0.00026
35,35840,1,-5.000,1243.0,0.00,5.00,-0.0019,0.0359,1.0848,0.00969,0.00032,0.0000,0.4068,0.00293,0,0.3643,0.3525,0.2832,1.0863,0.0365,0.00014,0.3359,0.3135,0.3506,1.0834,0.0353,0.00050
36,36864,0,nan,nan,nan,nan,-0.0016,0.0568,1.0871,0.00968,0.00010,0.0000,0.6243,0.00488,0,0.3418,0.3408,0.3174,1.0866,0.0582,0.00012,0.2910,0.3379,0.3711,1.0877,0.0553,0.00009
37,37888,1,-4.000,1473.0,1.00,5.00,-0.0018,0.0773,1.0851,0.00967,0.00029,0.0000,0.4895,0.00391,0,0.3428,0.3506,0.3066,1.0851,0.0799,0.00025,0.2930,0.3154,0.3916,1.0851,0.0748,0.00033
38,38912,1,-4.000,1668.0,1.00,5.00,-0.0010,0.0396,1.0858,0.00966,0.00012,0.0000,0.4452,0.00293,0,0.3291,0.3672,0.3037,1.0850,0.0391,0.00016,0.3066,0.3174,0.3760,1.0866,0.0400,0.00009
39,39936,0,nan,nan,nan,nan,-0.0012,0.0380,1.0847,0.00965,0.00015,0.0000,0.5409,0.00391,0,0.3066,0.3867,0.3066,1.0856,0.0383,0.00017,0.3096,0.3213,0.3691,1.0839,0.0377,0.00013
40,40960,1,-5.000,1329.0,0.00,5.00,-0.0010,0.0313,1.0857,0.00964,0.00012,0.0000,0.5621,0.00195,0,0.3203,0.3428,0.3369,1.0836,0.0303,0.00017,0.3242,0.3135,0.3623,1.0879,0.0322,0.00006
41,41984,1,-4.000,1939.0,1.00,5.00,-0.0017,0.0845,1.0789,0.00963,0.00019,0.0000,0.4411,0.00488,0,0.3467,0.3506,0.3027,1.0759,0.0872,0.00025,0.3174,0.3242,0.3584,1.0819,0.0819,0.00013
42,43008,0,nan,nan,nan,nan,-0.0023,0.0970,1.0727,0.00962,0.00035,0.0000,0.5080,0.00391,0,0.3594,0.3613,0.2793,1.0671,0.0980,0.00031,0.3379,0.3115,0.3506,1.0783,0.0960,0.00039
43,44032,1,-1.000,2000.0,3.00,4.00,-0.0026,0.0665,1.0730,0.00961,0.00039,0.0000,0.3642,0.00293,1,0.3535,0.3350,0.3115,1.0658,0.0680,0.00026,0.3486,0.3291,0.3223,1.0802,0.0649,0.00051
44,45056,0,nan,nan,nan,nan,-0.0017,0.0496,1.0813,0.00960,0.00019,0.0000,0.7678,0.00488,0,0.3662,0.3555,0.2783,1.0777,0.0504,0.00025,0.3359,0.3174,0.3467,1.0849,0.0488,0.00014
45,46080,1,-3.000,1237.0,2.00,5.00,-0.0012,0.1129,1.0667,0.00959,0.00018,0.0000,0.5106,0.00488,0,0.3887,0.3086,0.3027,1.0687,0.1083,0.00015,0.3438,0.3193,0.3369,1.0646,0.1175,0.00021
46,47104,1,-3.000,1813.0,2.00,5.00,-0.0016,0.0868,1.0694,0.00959,0.00020,0.0000,0.4110,0.00488,0,0.3535,0.3535,0.2930,1.0650,0.0903,0.00010,0.3145,0.3301,0.3555,1.0738,0.0832,0.00031
47,48128,0,nan,nan,nan,nan,-0.0013,0.0457,1.0771,0.00958,0.00018,0.0000,0.3116,0.00195,0,0.3555,0.3408,0.3037,1.0713,0.0481,0.00017,0.2959,0.3086,0.3955,1.0829,0.0433,0.00019
48,49152,1,-5.000,1600.0,0.00,5.00,-0.0021,0.0262,1.0803,0.00957,0.00028,0.0000,0.6082,0.00293,0,0.3516,0.3594,0.2891,1.0726,0.0256,0.00021,0.2861,0.3428,0.3711,1.0881,0.0269,0.00035
49,50176,1,-3.000,1393.0,2.00,5.00,-0.0015,0.0996,1.0773,0.00956,0.00025,0.0000,0.5712,0.00586,0,0.4189,0.2764,0.3047,1.0763,0.0948,0.00028,0.3633,0.2783,0.3584,1.0783,0.1043,0.00022
50,51200,1,-3.000,940.0,2.00,5.00,-0.0006,0.1291,1.0817,0.00955,0.00011,0.0000,0.6174,0.00781,0,0.3457,0.3408,0.3135,1.0854,0.1263,0.00015,0.3340,0.3018,0.3643,1.0780,0.1319,0.00007
51,52224,0,nan,nan,nan,nan,-0.0022,0.0369,1.0785,0.00954,0.00020,0.0000,0.6549,0.00391,0,0.3408,0.3486,0.3105,1.0772,0.0397,0.00021,0.2939,0.3486,0.3574,1.0799,0.0342,0.00018
52,53248,1,-4.000,1290.0,1.00,5.00,-0.0016,0.0420,1.0785,0.00953,0.00021,0.0000,0.5262,0.00293,0,0.3887,0.3164,0.2949,1.0765,0.0412,0.00025,0.3516,0.3047,0.3438,1.0805,0.0427,0.00017
53,54272,1,-1.000,1916.0,4.00,5.00,-0.0018,0.0648,1.0706,0.00952,0.00031,0.0000,0.7389,0.00684,0,0.3271,0.3467,0.3262,1.0770,0.0656,0.00032,0.3525,0.3066,0.3408,1.0641,0.0641,0.00031
54,55296,0,nan,nan,nan,nan,-0.0021,0.0954,1.0663,0.00951,0.00027,0.0000,0.6644,0.00488,0,0.3711,0.3223,0.3066,1.0695,0.0994,0.00019,0.3486,0.3008,0.3506,1.0631,0.0914,0.00036
55,56320,1,-3.000,1401.0,2.00,5.00,-0.0013,0.1163,1.0707,0.00950,0.00015,0.0000,0.4253,0.00586,0,0.3643,0.3359,0.2998,1.0730,0.1180,0.00008,0.3525,0.2900,0.3574,1.0685,0.1145,0.00022
56,57344,1,-4.000,1206.0,1.00,5.00,-0.0033,0.0991,1.0539,0.00949,0.00062,0.0000,0.3816,0.00391,0,0.3916,0.3242,0.2842,1.0528,0.1011,0.00082,0.3145,0.3340,0.3516,1.0550,0.0972,0.00042
57,58368,0,nan,nan,nan,nan,-0.0015,0.0765,1.0653,0.00948,0.00016,0.0000,0.3146,0.00195,0,0.3467,0.3545,0.2988,1.0637,0.0770,0.00021,0.3271,0.3135,0.3594,1.0669,0.0761,0.00012
58,59392,1,-3.000,1904.0,2.00,5.00,-0.0032,0.0652,1.0674,0.00947,0.00048,0.0000,0.5187,0.00586,0,0.3604,0.3477,0.2920,1.0683,0.0650,0.00048,0.2930,0.3301,0.3770,1.0664,0.0654,0.00049
59,60416,1,-5.000,859.0,0.00,5.00,-0.0015,0.1189,1.0588,0.00947,0.00022,0.0000,0.4224,0.00586,0,0.3711,0.3447,0.2842,1.0716,0.1178,0.00012,0.3525,0.3057,0.3418,1.0459,0.1200,0.00032
60,61440,1,-4.000,1427.0,1.00,5.00,-0.0010,0.0649,1.0676,0.00946,0.00013,0.0000,0.5203,0.00391,0,0.3652,0.3486,0.2861,1.0706,0.0657,0.00017,0.3203,0.3135,0.3662,1.0647,0.0641,0.00009
61,62464,1,-4.000,1033.0,1.00,5.00,-0.0017,0.0665,1.0754,0.00945,0.00022,0.0000,0.6350,0.00586,0,0.3320,0.3711,0.2969,1.0829,0.0645,0.00016,0.3037,0.3008,0.3955,1.0678,0.0685,0.00028
62,63488,0,nan,nan,nan,nan,-0.0009,0.0864,1.0612,0.00944,0.00013,0.0000,0.4639,0.00391,0,0.3369,0.3525,0.3105,1.0630,0.0857,0.00009,0.3506,0.3008,0.3486,1.0593,0.0871,0.00018
63,64512,1,-2.000,1856.0,3.00,5.00,-0.0010,0.0987,1.0747,0.00943,0.00015,0.0000,0.4381,0.00586,0,0.3516,0.3477,0.3008,1.0788,0.0995,0.00008,0.3242,0.3145,0.3613,1.0707,0.0979,0.00021
64,65536,1,-5.000,763.0,0.00,5.00,-0.0026,0.0674,1.0568,0.00942,0.00044,0.0000,0.5984,0.00586,0,0.3496,0.3301,0.3203,1.0629,0.0697,0.00053,0.3564,0.3008,0.3428,1.0506,0.0650,0.00035
65,66560,1,-3.000,1549.0,2.00,5.00,-0.0022,0.1154,1.0722,0.00941,0.00033,0.0000,0.5459,0.00586,0,0.3477,0.3428,0.3096,1.0697,0.1219,0.00030,0.3457,0.3057,0.3486,1.0747,0.1089,0.00036
66,67584,1,3.000,909.0,5.00,2.00,-0.0013,0.1339,1.0646,0.00940,0.00034,0.0000,0.5223,0.00586,0,0.3682,0.3486,0.2832,1.0648,0.1362,0.00033,0.3242,0.3311,0.3447,1.0644,0.1316,0.00035
67,68608,0,nan,nan,nan,nan,-0.0016,0.0737,1.0463,0.00939,0.00024,0.0000,0.5597,0.00391,0,0.3652,0.3389,0.2959,1.0474,0.0718,0.00019,0.3457,0.3359,0.3184,1.0452,0.0756,0.00029
68,69632,1,-2.000,1547.0,3.00,5.00,-0.0016,0.0818,1.0470,0.00938,0.00028,0.0000,0.5484,0.00488,0,0.3496,0.3467,0.3037,1.0625,0.0837,0.00042,0.3711,0.2930,0.3359,1.0314,0.0800,0.00013
69,70656,1,-2.000,1907.0,3.00,5.00,-0.0028,0.0577,1.0447,0.00937,0.00053,0.0000,0.6571,0.00391,0,0.3506,0.3457,0.3037,1.0580,0.0575,0.00077,0.3398,0.3213,0.3389,1.0314,0.0579,0.00030
70,71680,0,nan,nan,nan,nan,-0.0015,0.0712,1.0603,0.00936,0.00029,0.0000,0.5957,0.00488,0,0.3506,0.3389,0.3105,1.0704,0.0713,0.00039,0.3555,0.3018,0.3428,1.0501,0.0712,0.00018
71,72704,1,-2.000,1638.0,3.00,5.00,-0.0008,0.0438,1.0632,0.00935,0.00012,0.0000,0.6500,0.00586,0,0.3701,0.3389,0.2910,1.0688,0.0432,0.00018,0.3906,0.2812,0.3281,1.0577,0.0443,0.00006
72,73728,1,-2.000,1131.0,3.00,5.00,-0.0015,0.1026,1.0691,0.00935,0.00015,0.0000,0.6288,0.00684,0,0.3564,0.3613,0.2822,1.0760,0.1032,0.00007,0.3789,0.2939,0.3271,1.0621,0.1019,0.00024
73,74752,1,-4.000,1437.0,1.00,5.00,-0.0008,0.0414,1.0735,0.00934,0.00014,0.0000,0.7833,0.00391,0,0.3555,0.3252,0.3193,1.0791,0.0433,0.00016,0.2881,0.3525,0.3594,1.0678,0.0394,0.00011
74,75776,0,nan,nan,nan,nan,-0.0022,0.0533,1.0682,0.00933,0.00021,0.0000,0.5312,0.00391,0,0.3672,0.3330,0.2998,1.0722,0.0538,0.00031,0.3545,0.3145,0.3311,1.0641,0.0528,0.00011
75,76800,1,-1.000,1999.0,4.00,5.00,-0.0006,0.0451,1.0244,0.00932,0.00016,0.0000,0.6320,0.00488,0,0.3604,0.3203,0.3193,1.0465,0.0458,0.00020,0.3330,0.3135,0.3535,1.0023,0.0443,0.00011
76,77824,0,nan,nan,nan,nan,-0.0011,0.0589,1.0587,0.00931,0.00012,0.0000,0.6868,0.00293,0,0.3369,0.3301,0.3330,1.0729,0.0560,0.00010,0.4082,0.2617,0.3301,1.0445,0.0619,0.00015
77,78848,1,-3.000,1938.0,2.00,5.00,-0.0027,0.0583,1.0638,0.00930,0.00040,0.0000,0.5338,0.00488,0,0.3740,0.3135,0.3125,1.0681,0.0591,0.00030,0.3213,0.3242,0.3545,1.0596,0.0575,0.00050
78,79872,0,nan,nan,nan,nan,-0.0017,0.0770,1.0538,0.00929,0.00042,0.0000,0.2099,0.00293,0,0.3262,0.3516,0.3223,1.0678,0.0760,0.00033,0.3232,0.3330,0.3438,1.0397,0.0779,0.00050
79,80896,1,-4.000,1394.0,1.00,5.00,-0.0028,0.0801,1.0280,0.00928,0.00043,0.0000,0.2808,0.00293,0,0.3770,0.3223,0.3008,1.0363,0.0829,0.00067,0.3750,0.3223,0.3027,1.0198,0.0772,0.00019
80,81920,0,nan,nan,nan,nan,-0.0027,0.0418,1.0258,0.00927,0.00041,0.0000,0.4347,0.00293,0,0.3633,0.3291,0.3076,1.0405,0.0420,0.00063,0.3594,0.3164,0.3242,1.0111,0.0415,0.00019
81,82944,1,-3.000,2000.0,1.00,4.00,-0.0014,0.0480,1.0294,0.00926,0.00025,0.0000,0.4154,0.00195,1,0.4072,0.3389,0.2539,1.0375,0.0474,0.00015,0.3359,0.3232,0.3408,1.0212,0.0487,0.00034
82,83968,0,nan,nan,nan,nan,-0.0038,0.0655,1.0362,0.00925,0.00075,0.0000,0.4523,0.00391,0,0.3857,0.3125,0.3018,1.0365,0.0685,0.00094,0.3525,0.3174,0.3301,1.0358,0.0625,0.00056
83,84992,1,-4.000,1945.0,1.00,5.00,-0.0020,0.0408,1.0446,0.00924,0.00034,0.0000,0.6020,0.00488,0,0.4219,0.3105,0.2676,1.0447,0.0421,0.00046,0.3242,0.3467,0.3291,1.0445,0.0395,0.00022
84,86016,2,-0.500,922.0,2.50,3.00,-0.0009,0.1733,1.0259,0.00923,0.00010,0.0000,0.5399,0.00684,0,0.3740,0.3320,0.2939,1.0569,0.1738,0.00013,0.3867,0.3008,0.3125,0.9949,0.1729,0.00007
85,87040,1,-5.000,1139.0,0.00,5.00,-0.0030,0.0592,1.0510,0.00923,0.00042,0.0000,0.6202,0.00488,0,0.3506,0.3516,0.2979,1.0515,0.0604,0.00047,0.3555,0.3066,0.3379,1.0504,0.0581,0.00037
86,88064,1,-3.000,1033.0,2.00,5.00,-0.0021,0.1124,1.0424,0.00922,0.00042,0.0000,0.6210,0.00684,0,0.3779,0.3271,0.2949,1.0530,0.1175,0.00070,0.3711,0.2822,0.3467,1.0318,0.1072,0.00015
87,89088,0,nan,nan,nan,nan,-0.0037,0.0803,1.0282,0.00921,0.00075,0.0000,0.5206,0.00391,0,0.3877,0.3291,0.2832,1.0417,0.0811,0.00143,0.3838,0.2949,0.3213,1.0146,0.0796,0.00007
88,90112,1,-2.000,1488.0,3.00,5.00,-0.0034,0.0501,1.0301,0.00920,0.00080,0.0000,0.5309,0.00488,0,0.4111,0.3232,0.2656,1.0298,0.0511,0.00120,0.3896,0.3076,0.3027,1.0304,0.0491,0.00039
89,91136,1,-4.000,1336.0,1.00,5.00,-0.0011,0.0500,1.0264,0.00919,0.00045,0.0000,0.6751,0.00684,0,0.4463,0.2852,0.2686,1.0292,0.0513,0.00062,0.3887,0.3213,0.2900,1.0235,0.0487,0.00028
90,92160,0,nan,nan,nan,nan,-0.0015,0.0601,1.0173,0.00918,0.00021,0.0000,0.4071,0.00293,0,0.3984,0.3281,0.2734,1.0625,0.0606,0.00029,0.3584,0.3184,0.3232,0.9720,0.0596,0.00013
91,93184,1,-4.000,1339.0,1.00,5.00,-0.0023,0.0467,1.0539,0.00917,0.00027,0.0000,0.3828,0.00391,0,0.4141,0.3174,0.2686,1.0518,0.0451,0.00007,0.3408,0.3359,0.3232,1.0561,0.0482,0.00047
92,94208,1,-4.000,1495.0,1.00,5.00,-0.0017,0.0410,1.0513,0.00916,0.00022,0.0000,0.6478,0.00391,0,0.3740,0.3730,0.2529,1.0629,0.0406,0.00012,0.3184,0.3330,0.3486,1.0397,0.0414,0.00032
93,95232,1,-4.000,1394.0,1.00,5.00,-0.0018,0.1023,1.0529,0.00915,0.00020,0.0000,0.4152,0.00488,0,0.3643,0.3652,0.2705,1.0655,0.1031,0.00016,0.3076,0.3330,0.3594,1.0404,0.1015,0.00024
94,96256,1,-4.000,969.0,1.00,5.00,-0.0038,0.0950,1.0428,0.00914,0.00080,0.0000,0.6593,0.00684,0,0.3838,0.3301,0.2861,1.0526,0.0964,0.00017,0.3760,0.3115,0.3125,1.0330,0.0936,0.00143
95,97280,1,-2.000,1107.0,3.00,5.00,-0.0011,0.1440,1.0563,0.00913,0.00027,0.0000,0.5580,0.00781,0,0.4170,0.2939,0.2891,1.0620,0.1450,0.00008,0.3887,0.2891,0.3223,1.0506,0.1430,0.00046
96,98304,1,-5.000,1004.0,0.00,5.00,-0.0032,0.0908,1.0249,0.00912,0.00074,0.0000,0.4284,0.00586,0,0.3574,0.3525,0.2900,1.0581,0.0909,0.00052,0.3623,0.3018,0.3359,0.9917,0.0907,0.00097
97,99328,0,nan,nan,nan,nan,-0.0020,0.0348,1.0181,0.00911,0.00059,0.0000,0.3217,0.00098,0,0.3984,0.3369,0.2646,1.0644,0.0347,0.00036,0.4014,0.2891,0.3096,0.9718,0.0349,0.00081
98,100352,1,-4.000,1717.0,1.00,5.00,-0.0009,0.0458,1.0502,0.00911,0.00006,0.0000,0.4245,0.00488,0,0.3574,0.3428,0.2998,1.0741,0.0459,0.00004,0.3232,0.3203,0.3564,1.0263,0.0458,0.00009
99,101376,1,-5.000,1005.0,0.00,5.00,-0.0024,0.0827,1.0445,0.00910,0.00046,0.0000,0.4837,0.00586,0,0.3594,0.3604,0.2803,1.0583,0.0819,0.00004,0.3721,0.2979,0.3301,1.0308,0.0835,0.00087
100,102400,0,nan,nan,nan,nan,-0.0020,0.1282,1.0314,0.00909,0.00049,0.0000,0.5376,0.00488,0,0.3486,0.3369,0.3145,1.0660,0.1288,0.00013,0.4033,0.2646,0.3320,0.9967,0.1277,0.00085
